,id,name,price,category
0,36,"Anthem, AVM 70",2580.03,AV Processor
1,40,"Arcam, AV860",3400.64,AV Processor
2,41,"Arcam, AVR30",3600.85,AV Processor
3,205,"Denon, AVC-X8500H",3600.95,AV Processor
4,206,"Denon, AVC-X6700H",2225.5,AV Processor
5,337,"Emotiva, RMC-1",2075.77,AV Processor
6,338,"Emotiva, XMC-1",1260.94,AV Processor
7,339,"Emotiva, XMC-2",1680.89,AV Processor
8,443,"Heco, Aura 1000",1008.97,AV Processor
9,444,"Heco, Aura 2000",1230.22,AV Processor
10,834,"Lexicon, MC-10",2580.67,AV Processor
11,835,"Lexicon, MC-8",1700.13,AV Processor
12,853,"Magnat, MP 1000",850.67,AV Processor
13,854,"Magnat, MP 2000",935.34,AV Processor
14,945,"Marantz, AV7706",2075.72,AV Processor
15,946,"Marantz, AV8805",3780.37,AV Processor
16,1014,"NAD, T 778",2640.51,AV Processor
17,1028,"Onkyo, TX-NR797",1700.87,AV Processor
18,1029,"Onkyo, PR-RZ5100",2150.28,AV Processor
19,1030,"Onkyo, TX-NR575E",510.81,AV Processor
20,1031,"Onkyo, TX-NR595",672.86,AV Processor
21,1032,"Onkyo, TX-NR696",1056.93,AV Processor
22,1304,"Rotel, RSP-1572",1335.93,AV Processor
23,1305,"Rotel, RSP-1576MKII",2460.46,AV Processor
24,1571,"Yamaha, CX-A5200",2321.38,AV Processor
25,1572,"Yamaha, CX-A5100",1620.13,AV Processor
26,1573,"Yamaha, CX-A5200BL",2670.74,AV Processor
27,207,"Denon, AVR-S540BT",243.52,AV Receiver
28,208,"Denon, AVR-X3700H",1305.52,AV Receiver
29,209,"Denon, AVR-X4700H",1620.21,AV Receiver
30,210,"Denon, AVR-X6700H",2050.31,AV Receiver
31,211,"Denon, AVC-X4700H",1496.81,AV Receiver
32,212,"Denon, AVR-S750H",430.49,AV Receiver
33,213,"Denon, AVR-X1600H",504.44,AV Receiver
34,214,"Denon, AVR-X2700H",870.77,AV Receiver
35,363,"Harman Kardon, AVR 151",171.22,AV Receiver
36,364,"Harman Kardon, AVR 1510S",240.41,AV Receiver
37,365,"Harman Kardon, AVR 151S",270.74,AV Receiver
38,366,"Harman Kardon, AVR 161S",352.03,AV Receiver
39,367,"Harman Kardon, AVR 171",339.96,AV Receiver
40,368,"Harman Kardon, AVR 1710S",489.26,AV Receiver
41,369,"Harman Kardon, AVR 171S",392.47,AV Receiver
42,370,"Harman Kardon, AVR 370",510.07,AV Receiver
43,371,"Harman Kardon, HK 3770",486.62,AV Receiver
44,445,"Heco, Avorio 300",344.89,AV Receiver
45,446,"Heco, Avorio 500",504.26,AV Receiver
46,660,"KEF, RX-A2",609.52,AV Receiver
47,661,"KEF, RX-A3",747.59,AV Receiver
48,662,"KEF, RX-A4",880.05,AV Receiver
49,855,"Magnat, MMS 730",688.96,AV Receiver
50,856,"Magnat, MMS 850",697.66,AV Receiver
51,947,"Marantz, SR7015",2047.19,AV Receiver
52,948,"Marantz, NR1200",609.37,AV Receiver
53,949,"Marantz, NR1510",534.92,AV Receiver
54,950,"Marantz, NR1711",664.58,AV Receiver
55,951,"Marantz, SR5015",880.01,AV Receiver
56,952,"Marantz, SR6015",1260.23,AV Receiver
57,953,"Marantz, SR8015",2490.42,AV Receiver
58,1033,"Onkyo, TX-RZ840",1260.03,AV Receiver
59,1034,"Onkyo, TX-8270",588.31,AV Receiver
60,1035,"Onkyo, TX-RZ50",1020.22,AV Receiver
61,1036,"Onkyo, TX-SR393",348.92,AV Receiver
62,1037,"Onkyo, TX-SR494",336.22,AV Receiver
63,1077,"Pioneer, VSX-534",294.93,AV Receiver
64,1078,"Pioneer, VSX-832",373.35,AV Receiver
65,1079,"Pioneer, Elite SC-LX904",2490.19,AV Receiver
66,1080,"Pioneer, SC-LX801",1640.02,AV Receiver
67,1081,"Pioneer, SC-LX904",2699.12,AV Receiver
68,1082,"Pioneer, VSX-LX504",1068.08,AV Receiver
69,1083,"Pioneer, Elite SC-LX704",1312.33,AV Receiver
70,1084,"Pioneer, Elite VSX-LX104",595.95,AV Receiver
71,1085,"Pioneer, Elite VSX-LX303",711.85,AV Receiver
72,1086,"Pioneer, Elite VSX-LX503",879.52,AV Receiver
73,1087,"Pioneer, Elite VSX-LX504",1320.26,AV Receiver
74,1088,"Pioneer, SC-LX502",830.98,AV Receiver
75,1089,"Pioneer, SC-LX701",1218.68,AV Receiver
76,1090,"Pioneer, SC-LX704",1335.14,AV Receiver
77,1091,"Pioneer, VSX-933",415.41,AV Receiver
78,1092,"Pioneer, VSX-LX303",720.26,AV Receiver
79,1093,"Pioneer, VSX-LX305",860.65,AV Receiver
80,1429,"Sony, STR-DH590",226.82,AV Receiver
81,1430,"Sony, STR-ZA5000ES",2550.08,AV Receiver
82,1431,"Sony, STR-DN1080",696.97,AV Receiver
83,1432,"Sony, STR-ZA1100ES",830.98,AV Receiver
84,1433,"Sony, STR-ZA810ES",984.23,AV Receiver
85,1574,"Yamaha, RX-V385",249.26,AV Receiver
86,1575,"Yamaha, RX-A3080",1935.7,AV Receiver
87,1576,"Yamaha, RX-A6A",1780.65,AV Receiver
88,1577,"Yamaha, RX-A8A",2125.47,AV Receiver
89,1578,"Yamaha, RX-A1080",1078.59,AV Receiver
90,1579,"Yamaha, RX-A2A",656.69,AV Receiver
91,1580,"Yamaha, RX-A4A",1275.91,AV Receiver
92,1581,"Yamaha, RX-A680",552.41,AV Receiver
93,1582,"Yamaha, RX-V485",420.66,AV Receiver
94,1583,"Yamaha, RX-V4A",534.99,AV Receiver
95,1584,"Yamaha, RX-V6A",860.83,AV Receiver
96,1585,"Yamaha, RX-V8A",1320.9,AV Receiver
97,16,"Adam Audio, T5V",340.14,Active Speakers
98,57,"Audioengine, A2+",215.22,Active Speakers
99,131,"Dali, Kubik Free Xtra",328.73,Active Speakers
100,132,"Dali, Callisto 6 C",4005.21,Active Speakers
101,133,"Dali, Rubicon 2",3420.75,Active Speakers
102,134,"Dali, Rubicon 2 C",3230.71,Active Speakers
103,135,"Dali, Callisto 2 C",2464.04,Active Speakers
104,136,"Dali, Zensor 1 AX",567.24,Active Speakers
105,137,"Dali, Zensor AX",688.3,Active Speakers
106,215,"Denon, HEOS 5",311.76,Active Speakers
107,216,"Denon, HEOS 7",498.68,Active Speakers
108,249,"Dynaudio, LYD 5",528.29,Active Speakers
109,254,"Edifier, R1280T",86.99,Active Speakers
110,255,"Edifier, S2000MKIII",344.75,Active Speakers
111,256,"Edifier, C2XD",99.9,Active Speakers
112,257,"Edifier, Luna Eclipse",166.73,Active Speakers
113,258,"Edifier, R1280DB",104.11,Active Speakers
114,259,"Edifier, R1700BT",127.5,Active Speakers
115,260,"Edifier, R1700BTs",149.43,Active Speakers
116,261,"Edifier, S350DB",252.25,Active Speakers
117,262,"Edifier, S350DB-WHITE",258.82,Active Speakers
118,344,"Eve Audio, SC203",294.79,Active Speakers
119,350,"Focal, Alpha 50",267.98,Active Speakers
120,358,"Genelec, 8010A",284.38,Active Speakers
121,372,"Harman Kardon, SoundSticks III",165.96,Active Speakers
122,373,"Harman Kardon, SoundSticks Wireless",162.02,Active Speakers
123,447,"Heco, Pulsar 100 A",132.88,Active Speakers
124,448,"Heco, Pulsar 50 A",82.32,Active Speakers
125,449,"Heco, Direkt Einklang",2784.3,Active Speakers
126,450,"Heco, Ascada 2.0",653.3,Active Speakers
127,451,"Heco, Ascada 2.0 BTX",520.88,Active Speakers
128,452,"Heco, Ascada 300 BTX",623.32,Active Speakers
129,540,"JBL, Professional 1 Series 104-BT",127.94,Active Speakers
130,541,"JBL, LSR4328P",663.44,Active Speakers
131,542,"JBL, PartyBox 1000",1080.35,Active Speakers
132,543,"JBL, Control X Wireless",344.65,Active Speakers
133,544,"JBL, EON ONE",703.21,Active Speakers
134,545,"JBL, EON208P",729.22,Active Speakers
135,546,"JBL, EON610",348.15,Active Speakers
136,547,"JBL, EON612",405.06,Active Speakers
137,548,"JBL, EON615",415.04,Active Speakers
138,549,"JBL, LSR305",121.23,Active Speakers
139,550,"JBL, PartyBox 200",351.17,Active Speakers
140,551,"JBL, PartyBox 310",450.91,Active Speakers
141,663,"KEF, LS50 Wireless II",2295.27,Active Speakers
142,664,"KEF, EGG Duo",419.49,Active Speakers
143,665,"KEF, LS50 Meta Wireless",2460.18,Active Speakers
144,666,"KEF, LS50 Wireless II Meta",2905.76,Active Speakers
145,667,"KEF, LSX",1012.63,Active Speakers
146,668,"KEF, LSX II",1134.05,Active Speakers
147,742,"KRK, Rokit RP5 G4",240.1,Active Speakers
148,743,"KRK, Rokit RP7 G4",336.71,Active Speakers
149,744,"KRK, Rokit RP8 G4",415.68,Active Speakers
150,749,"Klipsch, ProMedia 2.1",128.41,Active Speakers
151,750,"Klipsch, ProMedia Heritage 2.1",255.86,Active Speakers
152,751,"Klipsch, The One II",246.4,Active Speakers
153,752,"Klipsch, The Fives",640.74,Active Speakers
154,753,"Klipsch, The Sixes",696.2,Active Speakers
155,754,"Klipsch, The Three II",332.63,Active Speakers
156,845,"M-Audio, BX5 D3",174.67,Active Speakers
157,849,"Mackie, CR3-X",87.74,Active Speakers
158,850,"Mackie, CR5-XBT",261.62,Active Speakers
159,857,"Magnat, Multi Monitor 220",356.99,Active Speakers
160,858,"Magnat, Multi Monitor 221",353.27,Active Speakers
161,967,"Marshall, AS50D",332.71,Active Speakers
162,968,"Marshall, Acton",129.06,Active Speakers
163,969,"Marshall, Acton II",207.82,Active Speakers
164,970,"Marshall, Acton II Bluetooth",208.5,Active Speakers
165,971,"Marshall, Stanmore",284.34,Active Speakers
166,972,"Marshall, Stockwell II",166.85,Active Speakers
167,973,"Marshall, Uxbridge",168.83,Active Speakers
168,1022,"Neumann, KH 80 DSP",516.43,Active Speakers
169,1038,"Onkyo, HT-S3910",420.79,Active Speakers
170,1094,"Pioneer, DM-40",127.59,Active Speakers
171,1095,"Pioneer, MRX-7",264.26,Active Speakers
172,1096,"Pioneer, S-DJ50X",212.61,Active Speakers
173,1097,"Pioneer, XW-BTS3-K",120.76,Active Speakers
174,1098,"Pioneer, XW-SMA1-K",252.18,Active Speakers
175,1099,"Pioneer, XW-SMA4-K",348.58,Active Speakers
176,1191,"PreSonus, Eris E3.5",90.4,Active Speakers
177,1192,"PreSonus, Eris E4.5 BT",178.5,Active Speakers
178,1193,"PreSonus, Eris E44",430.59,Active Speakers
179,1194,"PreSonus, Eris E5 XT",210.62,Active Speakers
180,1195,"PreSonus, Eris E7 XT",252.79,Active Speakers
181,1196,"PreSonus, Eris E8 XT",356.79,Active Speakers
182,1210,"Q-Acoustics, 4T Prestige",810.78,Active Speakers
183,1211,"Q-Acoustics, Q Active 400",2025.19,Active Speakers
184,1212,"Q-Acoustics, 2T",492.81,Active Speakers
185,1213,"Q-Acoustics, 3T",356.32,Active Speakers
186,1214,"Q-Acoustics, 4T",480.36,Active Speakers
187,1215,"Q-Acoustics, BT3",308.99,Active Speakers
188,1216,"Q-Acoustics, M20",400.07,Active Speakers
189,1217,"Q-Acoustics, Q Active 200",1305.52,Active Speakers
190,1509,"Wharfedale, DS-1",123.98,Active Speakers
191,1510,"Wharfedale, DS-2",176.15,Active Speakers
192,1511,"Wharfedale, DS-3",170.12,Active Speakers
193,1512,"Wharfedale, DX-4",240.52,Active Speakers
194,1586,"Yamaha, HS5",328.65,Active Speakers
195,1587,"Yamaha, HS8",623.72,Active Speakers
196,1588,"Yamaha, HS7",324.58,Active Speakers
197,1589,"Yamaha, WXA-50",405.8,Active Speakers
198,21,"Anker, Soundcore Mini",20.26,Wireless Speakers
199,22,"Anker, Soundcore Flare+",82.82,Wireless Speakers
200,23,"Anker, Soundcore Motion B",67.6,Wireless Speakers
201,24,"Anker, Soundcore Motion Boom",79.7,Wireless Speakers
202,25,"Anker, Soundcore Motion+",82.96,Wireless Speakers
203,76,"Bose, SoundLink Color II",110.6,Wireless Speakers
204,77,"Bose, SoundLink Micro",89.63,Wireless Speakers
205,78,"Bose, SoundLink Revolve",164.5,Wireless Speakers
206,79,"Bose, SoundLink Revolve+",246.49,Wireless Speakers
207,138,"Dali, Oberon 1 C",648.12,Wireless Speakers
208,217,"Denon, Home 150",220.17,Wireless Speakers
209,218,"Denon, Home 250",374.34,Wireless Speakers
210,374,"Harman Kardon, Onyx Studio 7",415.13,Wireless Speakers
211,375,"Harman Kardon, Citation 200",261.47,Wireless Speakers
212,376,"Harman Kardon, Citation 300",328.91,Wireless Speakers
213,377,"Harman Kardon, Go + Play",340.31,Wireless Speakers
214,453,"Heco, Direkt 800 BT",1653.92,Wireless Speakers
215,454,"Heco, Ambient 3 BTX",121.6,Wireless Speakers
216,455,"Heco, Ambient 5 BTX",160.93,Wireless Speakers
217,456,"Heco, Direkt BT",996.6,Wireless Speakers
218,552,"JBL, Clip 3",58.91,Wireless Speakers
219,553,"JBL, Flip 5",104.09,Wireless Speakers
220,554,"JBL, Boombox 2",415.28,Wireless Speakers
221,555,"JBL, Charge 4",159.13,Wireless Speakers
222,556,"JBL, PartyBox 100",308.99,Wireless Speakers
223,557,"JBL, Xtreme 2",308.7,Wireless Speakers
224,558,"JBL, Xtreme 3",297.93,Wireless Speakers
225,669,"KEF, LS50 Wireless",1848.21,Wireless Speakers
226,670,"KEF, LSX Wireless",810.17,Wireless Speakers
227,671,"KEF, LSX Wireless II",1305.03,Wireless Speakers
228,672,"KEF, LSX Wireless II Meta",1530.4,Wireless Speakers
229,755,"Klipsch, Groove",166.18,Wireless Speakers
230,756,"Klipsch, Heritage Groove",126.73,Wireless Speakers
231,757,"Klipsch, Reference Wireless RW-1",179.61,Wireless Speakers
232,1100,"Pioneer, Club7",304.24,Wireless Speakers
233,1218,"Q-Acoustics, BT-100",130.98,Wireless Speakers
234,1219,"Q-Acoustics, BT-W1",144.38,Wireless Speakers
235,1220,"Q-Acoustics, BT-W2",176.51,Wireless Speakers
236,1434,"Sony, SRS-XB12",42.87,Wireless Speakers
237,1435,"Sony, SRS-XB23",81.07,Wireless Speakers
238,1436,"Sony, SRS-XB33",121.7,Wireless Speakers
239,1437,"Sony, SRS-XB43",207.58,Wireless Speakers
240,1491,"Tribit, XSound Go",31.03,Wireless Speakers
241,1497,"Ultimate Ears, WONDERBOOM 2",61.61,Wireless Speakers
242,1498,"Ultimate Ears, BOOM 3",126.85,Wireless Speakers
243,1499,"Ultimate Ears, HYPERBOOM",328.36,Wireless Speakers
244,1500,"Ultimate Ears, MEGABOOM 3",160.79,Wireless Speakers
245,1513,"Wharfedale, Vista 50",66.54,Wireless Speakers
246,1514,"Wharfedale, Vista 100 BT",107.47,Wireless Speakers
247,1515,"Wharfedale, Vista 200S",130.8,Wireless Speakers
248,1516,"Wharfedale, Vista 250S",174.67,Wireless Speakers
249,26,"Anker, Soundcore Liberty Neo",35.92,Wireless Headphones
250,27,"Anker, Soundcore Life Q10",33.82,Wireless Headphones
251,28,"Anker, Soundcore Liberty 2 Pro",126.79,Wireless Headphones
252,29,"Anker, Soundcore Liberty Air",72.11,Wireless Headphones
253,30,"Anker, Soundcore Liberty Air 2",86.96,Wireless Headphones
254,31,"Anker, Soundcore Life Dot 2",42.7,Wireless Headphones
255,32,"Anker, Soundcore Life P2",41.52,Wireless Headphones
256,80,"Bose, SoundSport Free",172.87,Wireless Headphones
257,219,"Denon, AH-C160W",122.23,Wireless Headphones
258,220,"Denon, AH-GC30",340.07,Wireless Headphones
259,221,"Denon, AH-GC25W",170.54,Wireless Headphones
260,263,"Edifier, HECATE GM5",270.45,Wireless Headphones
261,264,"Edifier, TWS NB",97.54,Wireless Headphones
262,265,"Edifier, TWS NB-GREY",98.7,Wireless Headphones
263,266,"Edifier, TWS NB2",80.5,Wireless Headphones
264,267,"Edifier, TWS1",36.13,Wireless Headphones
265,268,"Edifier, TWS1 Pro",70.7,Wireless Headphones
266,269,"Edifier, TWS1 Pro-GREY",70.89,Wireless Headphones
267,270,"Edifier, TWS5-PLUS",97.83,Wireless Headphones
268,271,"Edifier, TWS6",80.54,Wireless Headphones
269,272,"Edifier, W200BT-PURPLE",50.68,Wireless Headphones
270,273,"Edifier, W296BT",67.69,Wireless Headphones
271,274,"Edifier, W800BT",56.89,Wireless Headphones
272,275,"Edifier, W800BT-WHITE",60.13,Wireless Headphones
273,276,"Edifier, W820NB",73.42,Wireless Headphones
274,277,"Edifier, W820NB-RED",77.13,Wireless Headphones
275,278,"Edifier, W830BT",83.12,Wireless Headphones
276,279,"Edifier, W860NB",132.04,Wireless Headphones
277,280,"Edifier, W860NB-BLACK",123.67,Wireless Headphones
278,281,"Edifier, X3",35.55,Wireless Headphones
279,282,"Edifier, X5",43.78,Wireless Headphones
280,283,"Edifier, X6",62.84,Wireless Headphones
281,378,"Harman Kardon, FLY BT",212.66,Wireless Headphones
282,379,"Harman Kardon, FLY TWS",129.98,Wireless Headphones
283,380,"Harman Kardon, FLY BT+",348.45,Wireless Headphones
284,381,"Harman Kardon, BT",89.41,Wireless Headphones
285,382,"Harman Kardon, FLY ANC",209.7,Wireless Headphones
286,383,"Harman Kardon, Fly ANC",249.19,Wireless Headphones
287,384,"Harman Kardon, Fly BT",174.1,Wireless Headphones
288,385,"Harman Kardon, Fly TWS",130.51,Wireless Headphones
289,457,"Heco, Liberty 50",69.29,Wireless Headphones
290,458,"Heco, Liberty 200",96.42,Wireless Headphones
291,559,"JBL, Endurance Peak II",87.92,Wireless Headphones
292,560,"JBL, Live 400BT",89.15,Wireless Headphones
293,561,"JBL, Tune 120TWS",69.67,Wireless Headphones
294,562,"JBL, Tune 220TWS",88.73,Wireless Headphones
295,563,"JBL, Tune 500BT",43.15,Wireless Headphones
296,564,"JBL, Tune 510BT",45.38,Wireless Headphones
297,565,"JBL, Club 950NC",199.56,Wireless Headphones
298,566,"JBL, Club Pro+ TWS",178.09,Wireless Headphones
299,567,"JBL, E55BT",122.25,Wireless Headphones
300,568,"JBL, Free X",65.03,Wireless Headphones
301,569,"JBL, Live 650BTNC",178.47,Wireless Headphones
302,570,"JBL, Reflect Mini NC",126.9,Wireless Headphones
303,571,"JBL, Tune 125TWS",84.14,Wireless Headphones
304,572,"JBL, Tune 225TWS",88.66,Wireless Headphones
305,657,"Jabra, Elite 65t",105.66,Wireless Headphones
306,658,"Jabra, Elite 75t",153.92,Wireless Headphones
307,673,"KEF, KStream",130.35,Wireless Headphones
308,674,"KEF, Porsche Design Motion One Black",425.56,Wireless Headphones
309,675,"KEF, Porsche Design Motion One Champagne",440.27,Wireless Headphones
310,676,"KEF, Porsche Design Motion One Gold",410.0,Wireless Headphones
311,677,"KEF, Porsche Design Motion One Silver",425.16,Wireless Headphones
312,678,"KEF, Porsche Design Motion One Titanium",435.76,Wireless Headphones
313,679,"KEF, Porsche Design Space One Titanium",581.16,Wireless Headphones
314,680,"KEF, Porsche Design Space One Wireless",410.09,Wireless Headphones
315,681,"KEF, Porsche Design Space One Wireless Black",704.48,Wireless Headphones
316,682,"KEF, Porsche Design Space One Wireless Champagne",656.88,Wireless Headphones
317,683,"KEF, Porsche Design Space One Wireless Gold",656.74,Wireless Headphones
318,684,"KEF, Porsche Design Space One Wireless Silver",688.62,Wireless Headphones
319,685,"KEF, Porsche Design Space One Wireless Titanium",656.51,Wireless Headphones
320,686,"KEF, Mu3",170.39,Wireless Headphones
321,687,"KEF, Mu3 Gloss White",222.81,Wireless Headphones
322,688,"KEF, Mu3 Titanium Grey",220.8,Wireless Headphones
323,689,"KEF, Porsche Design Motion One",225.57,Wireless Headphones
324,690,"KEF, Porsche Design Motion One Sport",290.91,Wireless Headphones
325,691,"KEF, Porsche Design Motion Six",258.59,Wireless Headphones
326,692,"KEF, Porsche Design Motion Six Sport",324.55,Wireless Headphones
327,693,"KEF, Space One Wireless",336.09,Wireless Headphones
328,758,"Klipsch, T5 II True Wireless",172.87,Wireless Headphones
329,759,"Klipsch, T5 II True Wireless Sport",199.85,Wireless Headphones
330,859,"Magnat, LZR 588 BT",133.55,Wireless Headphones
331,860,"Magnat, LZR 588 BT Pro",141.24,Wireless Headphones
332,974,"Marshall, MID A.N.C.",238.21,Wireless Headphones
333,975,"Marshall, Major III",122.37,Wireless Headphones
334,976,"Marshall, Major III Voice",147.9,Wireless Headphones
335,977,"Marshall, Major IV",121.63,Wireless Headphones
336,978,"Marshall, Mode II",153.5,Wireless Headphones
337,979,"Marshall, Monitor II ANC",268.85,Wireless Headphones
338,1039,"Onkyo, H500BT",164.51,Wireless Headphones
339,1101,"Pioneer, SE-C8TW",81.73,Wireless Headphones
340,1102,"Pioneer, SE-MJ553BT",89.94,Wireless Headphones
341,1103,"Pioneer, SE-C7BT",65.67,Wireless Headphones
342,1104,"Pioneer, SE-CL5BT",52.65,Wireless Headphones
343,1105,"Pioneer, SE-E7BT",132.78,Wireless Headphones
344,1106,"Pioneer, SE-E8TW",121.82,Wireless Headphones
345,1107,"Pioneer, SE-MS7BT",167.58,Wireless Headphones
346,1108,"Pioneer, SE-S6BN",98.89,Wireless Headphones
347,1319,"Sennheiser, CX 100",31.57,Wireless Headphones
348,1320,"Sennheiser, CX 150BT",44.06,Wireless Headphones
349,1321,"Sennheiser, CX 300S",43.37,Wireless Headphones
350,1322,"Sennheiser, CX 350BT",64.0,Wireless Headphones
351,1323,"Sennheiser, Momentum True Wireless",245.81,Wireless Headphones
352,1324,"Sennheiser, CX 400BT True Wireless",164.42,Wireless Headphones
353,1325,"Sennheiser, HD 350",112.97,Wireless Headphones
354,1326,"Sennheiser, HD 350BT",103.31,Wireless Headphones
355,1327,"Sennheiser, HD 350BTNC",175.23,Wireless Headphones
356,1328,"Sennheiser, HD 4.40 BT",84.87,Wireless Headphones
357,1329,"Sennheiser, HD 4.40BT",80.96,Wireless Headphones
358,1330,"Sennheiser, HD 4.50 BTNC",131.36,Wireless Headphones
359,1331,"Sennheiser, HD 4.50BTNC",129.89,Wireless Headphones
360,1332,"Sennheiser, HD 400S BT",83.71,Wireless Headphones
361,1333,"Sennheiser, HD 450BT",129.99,Wireless Headphones
362,1334,"Sennheiser, HD 450BTNC",143.84,Wireless Headphones
363,1414,"Skullcandy, Dime True Wireless",23.38,Wireless Headphones
364,1415,"Skullcandy, Push",88.15,Wireless Headphones
365,1416,"Skullcandy, Indy Fuel",82.25,Wireless Headphones
366,1417,"Skullcandy, Sesh Evo",54.81,Wireless Headphones
367,1438,"Sony, WF-XB700",70.54,Wireless Headphones
368,1439,"Sony, WF-1000XM3",168.42,Wireless Headphones
369,1440,"Sony, WF-1000XM4",249.64,Wireless Headphones
370,1441,"Sony, WF-SP700N",90.98,Wireless Headphones
371,1442,"Sony, WF-SP800N",125.45,Wireless Headphones
372,1466,"SoundPEATS, TrueFree+",25.05,Wireless Headphones
373,1467,"SoundPEATS, TrueAir2",34.76,Wireless Headphones
374,1468,"SoundPEATS, TrueAir2+",41.27,Wireless Headphones
375,1469,"SoundPEATS, TrueFree2",25.17,Wireless Headphones
376,1477,"TOZO, T6",35.94,Wireless Headphones
377,1480,"TaoTronics, SoundLiberty 79",42.0,Wireless Headphones
378,1481,"TaoTronics, SoundLiberty 53",49.86,Wireless Headphones
379,1482,"TaoTronics, SoundLiberty 80",52.25,Wireless Headphones
380,1483,"TaoTronics, SoundLiberty 94",54.61,Wireless Headphones
381,1590,"Yamaha, EPH-W32",68.82,Wireless Headphones
382,1591,"Yamaha, TW-E3A",128.48,Wireless Headphones
383,1592,"Yamaha, YH-L700A",425.72,Wireless Headphones
384,1593,"Yamaha, HPH-MT8",267.38,Wireless Headphones
385,1594,"Yamaha, TW-E5A",170.3,Wireless Headphones
386,1595,"Yamaha, YH-E500A",222.75,Wireless Headphones
387,1596,"Yamaha, YH-E700A",304.02,Wireless Headphones
388,42,"Audio-Technica, AT-LP60X",86.68,Turntable
389,43,"Audio-Technica, AT-LP120XUSB",255.56,Turntable
390,44,"Audio-Technica, AT-LP5X",492.99,Turntable
391,122,"Clearaudio, Concept",1494.34,Turntable
392,128,"Crosley, Cruiser Deluxe",62.89,Turntable
393,222,"Denon, DP-29F",164.05,Turntable
394,223,"Denon, DP-300F",336.24,Turntable
395,224,"Denon, DP-450USB",492.58,Turntable
396,348,"Fluance, RT80",212.94,Turntable
397,349,"Fluance, RT81",258.7,Turntable
398,386,"Harman Kardon, T60",1720.24,Turntable
399,459,"Heco, Spin 500",312.01,Turntable
400,460,"Heco, Spin 900",516.09,Turntable
401,861,"Magnat, TT 900",496.84,Turntable
402,862,"Magnat, TT 990",504.25,Turntable
403,954,"Marantz, TT-15S1",1260.92,Turntable
404,955,"Marantz, TT42P",332.81,Turntable
405,1012,"Music Hall, MMF-2.3",391.64,Turntable
406,1040,"Onkyo, CP-1050",420.31,Turntable
407,1109,"Pioneer, PL-30-K",335.99,Turntable
408,1110,"Pioneer, PLX-1000",581.84,Turntable
409,1111,"Pioneer, PLX-500",287.83,Turntable
410,1200,"Pro-Ject, Debut Carbon Evo",504.08,Turntable
411,1201,"Pro-Ject, Debut Carbon DC",324.51,Turntable
412,1202,"Pro-Ject, Essential III",340.91,Turntable
413,1288,"Rega, Planar 3",779.23,Turntable
414,1289,"Rega, Planar 1",374.23,Turntable
415,1290,"Rega, Planar 2",522.37,Turntable
416,1443,"Sony, PS-LX310BT",174.5,Turntable
417,1444,"Sony, PS-HX500",445.59,Turntable
418,1484,"Technics, SL-1500C",972.75,Turntable
419,1485,"Thorens, TD-170-1",567.74,Turntable
420,1496,"U-Turn Audio, Orbit Basic",212.77,Turntable
421,1502,"Victrola, Vintage 3-Speed",45.53,Turntable
422,1597,"Yamaha, MusicCast VINYL 500",609.87,Turntable
423,1598,"Yamaha, MusicCast Vinyl 500",616.4,Turntable
424,1,"AKG, D5",180.46,Dynamic Microphone
425,2,"AKG, D40",85.8,Dynamic Microphone
426,45,"Audio-Technica, ATM710",315.4,Dynamic Microphone
427,46,"Audio-Technica, ATM510",82.85,Dynamic Microphone
428,47,"Audio-Technica, ATM610a",116.1,Dynamic Microphone
429,48,"Audio-Technica, ATR2100x-USB",90.83,Dynamic Microphone
430,61,"Audix, OM2",84.91,Dynamic Microphone
431,63,"Behringer, XM1800S",33.94,Dynamic Microphone
432,64,"Behringer, XM8500",17.55,Dynamic Microphone
433,68,"Beyerdynamic, TG V50d",80.55,Dynamic Microphone
434,332,"Electro-Voice, RE320",261.79,Dynamic Microphone
435,333,"Electro-Voice, ND76",112.51,Dynamic Microphone
436,334,"Electro-Voice, PL80A",81.71,Dynamic Microphone
437,461,"Heco, Stage 100",36.59,Dynamic Microphone
438,462,"Heco, Stage 50",16.66,Dynamic Microphone
439,863,"Magnat, LZR 660",59.05,Dynamic Microphone
440,864,"Magnat, LZR 670",66.06,Dynamic Microphone
441,980,"Marshall, MXL 440",50.81,Dynamic Microphone
442,981,"Marshall, MXL 770",87.9,Dynamic Microphone
443,1041,"Onkyo, TM-150",100.91,Dynamic Microphone
444,1042,"Onkyo, TM-151",83.86,Dynamic Microphone
445,1204,"Pyle, PDMIC58",13.83,Dynamic Microphone
446,1298,"Rode, M1",90.45,Dynamic Microphone
447,1299,"Rode, M2",144.15,Dynamic Microphone
448,1335,"Sennheiser, e 835",85.56,Dynamic Microphone
449,1336,"Sennheiser, e 835-S",96.7,Dynamic Microphone
450,1337,"Sennheiser, e 845",97.28,Dynamic Microphone
451,1338,"Sennheiser, MD 441-U",764.29,Dynamic Microphone
452,1339,"Sennheiser, e935",148.0,Dynamic Microphone
453,1340,"Sennheiser, E 602",137.55,Dynamic Microphone
454,1341,"Sennheiser, E 609",104.62,Dynamic Microphone
455,1342,"Sennheiser, E 835S",103.95,Dynamic Microphone
456,1343,"Sennheiser, E 904",171.19,Dynamic Microphone
457,1344,"Sennheiser, E835",88.9,Dynamic Microphone
458,1345,"Sennheiser, e 602-II",130.44,Dynamic Microphone
459,1346,"Sennheiser, e 609 Silver",89.0,Dynamic Microphone
460,1347,"Sennheiser, e 835S",90.62,Dynamic Microphone
461,1348,"Sennheiser, e 901",204.48,Dynamic Microphone
462,1349,"Sennheiser, e 906",168.26,Dynamic Microphone
463,1350,"Sennheiser, e 935",152.18,Dynamic Microphone
464,1351,"Sennheiser, e835",87.05,Dynamic Microphone
465,1352,"Sennheiser, e945",189.43,Dynamic Microphone
466,1396,"Shure, PGA48",34.51,Dynamic Microphone
467,1397,"Shure, Beta 58A",137.89,Dynamic Microphone
468,1398,"Shure, SM58",98.1,Dynamic Microphone
469,1399,"Shure, Beta 57A",127.58,Dynamic Microphone
470,1400,"Shure, SM57",86.64,Dynamic Microphone
471,81,"Bose, Lifestyle 600",2460.49,Home Theater
472,82,"Bose, Lifestyle 650",3200.8,Home Theater
473,83,"Bose, CineMate 15",415.77,Home Theater
474,84,"Bose, SoundTouch 130",830.99,Home Theater
475,225,"Denon, DHT-S216",207.71,Home Theater
476,284,"Edifier, M601DB",324.06,Home Theater
477,387,"Harman Kardon, BDS 335",516.36,Home Theater
478,388,"Harman Kardon, BDS 485S",534.02,Home Theater
479,389,"Harman Kardon, BDS 585S",696.66,Home Theater
480,390,"Harman Kardon, BDS 635",720.26,Home Theater
481,391,"Harman Kardon, BDS 685S",581.57,Home Theater
482,392,"Harman Kardon, BDS 885S",870.68,Home Theater
483,463,"Heco, Music Style 5000",747.07,Home Theater
484,464,"Heco, Music Style 9000",880.43,Home Theater
485,573,"JBL, Bar 2.1",267.49,Home Theater
486,574,"JBL, Bar 9.1",819.54,Home Theater
487,575,"JBL, Cinema 610",335.64,Home Theater
488,760,"Klipsch, Reference Theater Pack",820.28,Home Theater
489,761,"Klipsch, Cinema 600",486.18,Home Theater
490,822,"LG, LHD457",172.2,Home Theater
491,823,"LG, SN11RG",1200.38,Home Theater
492,824,"LG, LHD657",332.33,Home Theater
493,825,"LG, SK4D",267.11,Home Theater
494,826,"LG, SL5Y",261.16,Home Theater
495,865,"Magnat, Cinema Star 5.1",1909.88,Home Theater
496,866,"Magnat, Cinema Ultra THX",2025.71,Home Theater
497,1043,"Onkyo, HT-S3900",336.26,Home Theater
498,1058,"Panasonic, SC-XH105",164.96,Home Theater
499,1059,"Panasonic, SC-HTB900",880.83,Home Theater
500,1060,"Panasonic, SC-HTB400",249.51,Home Theater
501,1061,"Panasonic, SC-HTB600",294.09,Home Theater
502,1112,"Pioneer, HTP-074",328.94,Home Theater
503,1113,"Pioneer, Elite FS-EB70",830.13,Home Theater
504,1309,"Samsung, HT-J5500W",264.56,Home Theater
505,1310,"Samsung, HW-Q800T",830.83,Home Theater
506,1311,"Samsung, HW-Q950A",1800.49,Home Theater
507,1312,"Samsung, HW-Q950T",1512.24,Home Theater
508,1313,"Samsung, HW-Q60T",340.13,Home Theater
509,1314,"Samsung, HW-Q70T",492.32,Home Theater
510,1445,"Sony, BDV-E2100",207.98,Home Theater
511,1446,"Sony, HT-A7000",1157.55,Home Theater
512,1447,"Sony, HT-ST5000",1260.34,Home Theater
513,1448,"Sony, HT-G700",425.44,Home Theater
514,1449,"Sony, HT-S350",203.18,Home Theater
515,1503,"Vizio, SB3651-E6",203.25,Home Theater
516,1504,"Vizio, SB46514-F6",672.9,Home Theater
517,1517,"Wharfedale, OBSIDIAN 600 Cinema",870.99,Home Theater
518,1599,"Yamaha, YHT-4930UBL",304.95,Home Theater
519,1600,"Yamaha, YHT-4950U",424.84,Home Theater
520,1601,"Yamaha, YHT-5950U",498.13,Home Theater
521,1602,"Yamaha, YSP-5600",1360.82,Home Theater
522,110,"Cambridge Audio, AXA35",298.2,Integrated Amplifier
523,111,"Cambridge Audio, CXA60",656.06,Integrated Amplifier
524,112,"Cambridge Audio, CXA61",800.51,Integrated Amplifier
525,113,"Cambridge Audio, CXA81",984.35,Integrated Amplifier
526,226,"Denon, PMA-150H",672.11,Integrated Amplifier
527,227,"Denon, PMA-1600NE",984.55,Integrated Amplifier
528,228,"Denon, PMA-600NE",332.79,Integrated Amplifier
529,229,"Denon, PMA-800NE",534.99,Integrated Amplifier
530,393,"Harman Kardon, HK 3700",314.92,Integrated Amplifier
531,394,"Harman Kardon, HK 990",2340.08,Integrated Amplifier
532,395,"Harman Kardon, HK 3490",399.59,Integrated Amplifier
533,465,"Heco, Esprit 200",243.29,Integrated Amplifier
534,466,"Heco, Esprit 300",473.43,Integrated Amplifier
535,867,"Magnat, MA 1000",968.72,Integrated Amplifier
536,868,"Magnat, MA 900",890.38,Integrated Amplifier
537,956,"Marantz, PM5005",324.26,Integrated Amplifier
538,957,"Marantz, PM6006",609.01,Integrated Amplifier
539,958,"Marantz, PM6007",595.92,Integrated Amplifier
540,959,"Marantz, PM7000N",870.51,Integrated Amplifier
541,960,"Marantz, PM8006",1079.44,Integrated Amplifier
542,982,"Marshall, Origin20C",435.23,Integrated Amplifier
543,1015,"NAD, C 316BEE V2",340.83,Integrated Amplifier
544,1016,"NAD, C 368",756.74,Integrated Amplifier
545,1017,"NAD, C 388",1320.52,Integrated Amplifier
546,1044,"Onkyo, A-9110",280.94,Integrated Amplifier
547,1045,"Onkyo, A-9010",332.21,Integrated Amplifier
548,1046,"Onkyo, A-9070",800.1,Integrated Amplifier
549,1047,"Onkyo, A-9150",528.91,Integrated Amplifier
550,1114,"Pioneer, A-10AE",252.8,Integrated Amplifier
551,1115,"Pioneer, SX-S30",434.3,Integrated Amplifier
552,1116,"Pioneer, A-70",1080.5,Integrated Amplifier
553,1117,"Pioneer, A-10",128.45,Integrated Amplifier
554,1118,"Pioneer, A-20",207.83,Integrated Amplifier
555,1119,"Pioneer, A-40AE",533.16,Integrated Amplifier
556,1120,"Pioneer, A-50DA",756.13,Integrated Amplifier
557,1121,"Pioneer, A-70DA",1080.09,Integrated Amplifier
558,1603,"Yamaha, A-S201",206.82,Integrated Amplifier
559,1604,"Yamaha, A-S301",328.04,Integrated Amplifier
560,1605,"Yamaha, A-S1200",1740.95,Integrated Amplifier
561,1606,"Yamaha, A-S2200",2610.05,Integrated Amplifier
562,1607,"Yamaha, A-S3200SL",6090.02,Integrated Amplifier
563,1608,"Yamaha, A-S1100",1230.04,Integrated Amplifier
564,1609,"Yamaha, A-S501",522.95,Integrated Amplifier
565,1610,"Yamaha, A-S701",688.42,Integrated Amplifier
566,1611,"Yamaha, A-S701BL",720.49,Integrated Amplifier
567,1612,"Yamaha, A-S801",850.63,Integrated Amplifier
568,58,"Audioengine, HD6",623.36,Speaker Sets
569,59,"Audioengine, HD3",348.17,Speaker Sets
570,85,"Bose, Companion 50",283.7,Speaker Sets
571,86,"Bose, Companion 2 Series III",89.09,Speaker Sets
572,87,"Bose, Companion 20",205.94,Speaker Sets
573,127,"Creative, Pebble 2.0",22.07,Speaker Sets
574,130,"Cyber Acoustics, CA-3602",33.21,Speaker Sets
575,230,"Denon, D-M41",405.08,Speaker Sets
576,467,"Heco, Victa 200 Cinema",440.95,Speaker Sets
577,468,"Heco, Victa 300 Cinema",609.56,Speaker Sets
578,576,"JBL, One Series 104-BT",157.33,Speaker Sets
579,577,"JBL, Professional 1 Series",170.61,Speaker Sets
580,762,"Klipsch, R-41PM",324.82,Speaker Sets
581,763,"Klipsch, R-51PM",410.33,Speaker Sets
582,764,"Klipsch, Reference Theater Pack 5.1",679.91,Speaker Sets
583,838,"Logitech, Z313",43.3,Speaker Sets
584,839,"Logitech, Z407",69.22,Speaker Sets
585,840,"Logitech, Z623",127.7,Speaker Sets
586,851,"Mackie, CR3-XBT",126.94,Speaker Sets
587,852,"Mackie, CR4-XBT",168.52,Speaker Sets
588,1048,"Onkyo, SKF-4800",486.23,Speaker Sets
589,1221,"Q-Acoustics, 2020i 5.1",1134.26,Speaker Sets
590,1222,"Q-Acoustics, 3020i 5.1",1020.47,Speaker Sets
591,1223,"Q-Acoustics, 7000LRi 5.1",1445.21,Speaker Sets
592,1224,"Q-Acoustics, 7000i Plus 5.1",1377.71,Speaker Sets
593,1225,"Q-Acoustics, Concept 40i 5.1",1826.9,Speaker Sets
594,1226,"Q-Acoustics, 3010i 5.1",1020.4,Speaker Sets
595,1227,"Q-Acoustics, 3020i 2.1",800.47,Speaker Sets
596,1228,"Q-Acoustics, 3050i 5.1",1245.82,Speaker Sets
597,1229,"Q-Acoustics, 3070Si 5.1",1424.22,Speaker Sets
598,1230,"Q-Acoustics, 7000i 5.1",870.65,Speaker Sets
599,1518,"Wharfedale, OBSIDIAN 600 HCP",672.36,Speaker Sets
600,1519,"Wharfedale, Obsidian 600 HCP",696.98,Speaker Sets
601,1613,"Yamaha, NX-50",83.09,Speaker Sets
602,3,"AKG, C414 XLII",935.11,Condenser Microphone
603,4,"AKG, C214",356.02,Condenser Microphone
604,5,"AKG, P120",86.13,Condenser Microphone
605,6,"AKG, P220",132.47,Condenser Microphone
606,49,"Audio-Technica, AT2020",88.46,Condenser Microphone
607,50,"Audio-Technica, AT2035",125.04,Condenser Microphone
608,51,"Audio-Technica, AT4040",249.11,Condenser Microphone
609,65,"Behringer, C-1",41.37,Condenser Microphone
610,73,"Blue, Snowball iCE",42.85,Condenser Microphone
611,74,"Blue, Yeti Nano",80.19,Condenser Microphone
612,75,"Blue, Yeti X",148.33,Condenser Microphone
613,347,"Fifine, K669B",25.76,Condenser Microphone
614,469,"Heco, Studio Pro 10",82.34,Condenser Microphone
615,470,"Heco, Studio Pro 30",155.77,Condenser Microphone
616,846,"MAONO, AU-PM421",30.0,Condenser Microphone
617,847,"MXL, 770",71.14,Condenser Microphone
618,848,"MXL, 990",69.93,Condenser Microphone
619,869,"Magnat, LZR 700",67.61,Condenser Microphone
620,870,"Magnat, LZR 750",79.99,Condenser Microphone
621,983,"Marshall, MXL 990",70.49,Condenser Microphone
622,1021,"Neewer, NW-800",22.98,Condenser Microphone
623,1023,"Neumann, TLM 102",567.83,Condenser Microphone
624,1049,"Onkyo, TM-84N",97.34,Condenser Microphone
625,1300,"Rode, NT-USB Mini",82.61,Condenser Microphone
626,1301,"Rode, NT1",240.34,Condenser Microphone
627,1302,"Rode, NT1-A",191.86,Condenser Microphone
628,1303,"Rode, NT2-A",324.69,Condenser Microphone
629,1353,"Sennheiser, ME 2-II",115.72,Condenser Microphone
630,1354,"Sennheiser, MK 8",594.99,Condenser Microphone
631,1355,"Sennheiser, MKH 30",730.37,Condenser Microphone
632,1356,"Sennheiser, MKH 416",869.45,Condenser Microphone
633,1357,"Sennheiser, MKH 50",1143.9,Condenser Microphone
634,1358,"Sennheiser, MKH 8020",729.11,Condenser Microphone
635,1359,"Sennheiser, E 614",185.91,Condenser Microphone
636,1360,"Sennheiser, E 614S",216.73,Condenser Microphone
637,1361,"Sennheiser, MK 4",249.1,Condenser Microphone
638,1362,"Sennheiser, MKE 600",293.11,Condenser Microphone
639,1401,"Shure, MV5",85.94,Condenser Microphone
640,1402,"Shure, SM7B",332.8,Condenser Microphone
641,1474,"TONOR, Q9",25.5,Condenser Microphone
642,1475,"TONOR, TC-777",35.23,Condenser Microphone
643,107,"BoyuuRange, MT-34 MKII",203.22,Tube Amplifier
644,108,"Bravo Audio, V2",86.6,Tube Amplifier
645,120,"Cary Audio, SLI-100",4250.26,Tube Amplifier
646,121,"Cayin, HA-1A MK2",712.95,Tube Amplifier
647,198,"DarkVoice, 336SE",205.58,Tube Amplifier
648,246,"Douk Audio, Mini 6J1",50.61,Tube Amplifier
649,247,"Douk Audio, P1",178.8,Tube Amplifier
650,345,"FX AUDIO, TUBE-01",35.79,Tube Amplifier
651,346,"Feliks Audio, Echo",581.11,Tube Amplifier
652,471,"Heco, Tubes 100",1800.49,Tube Amplifier
653,833,"Leben, CS600",4050.54,Tube Amplifier
654,836,"Line Magnetic, LM-508IA",2800.94,Tube Amplifier
655,837,"Little Dot, MKII",172.89,Tube Amplifier
656,871,"Magnat, RV 3",2349.98,Tube Amplifier
657,872,"Magnat, RV 4",2550.61,Tube Amplifier
658,984,"Marshall, DSL40CR",630.66,Tube Amplifier
659,1024,"Nobsound, NS-02E",43.57,Tube Amplifier
660,1197,"PrimaLuna, EVO 200",2610.86,Tube Amplifier
661,1198,"PrimaLuna, EVO 400",3480.41,Tube Amplifier
662,1199,"PrimaLuna, EVO 100",2100.32,Tube Amplifier
663,1292,"Reisong, A10 EL34",261.6,Tube Amplifier
664,1317,"Schiit Audio, Schiit Vali 2+",132.63,Tube Amplifier
665,1501,"Unison Research, Simply Italy",3520.76,Tube Amplifier
666,1570,"YAQIN, MC-13S",425.42,Tube Amplifier
667,1677,"Yaqin, MC-10T",328.93,Tube Amplifier
668,62,"Bang & Olufsen, Beosound 1",1602.93,Music System
669,88,"Bose, Wave Music System IV",801.08,Music System
670,89,"Bose, Wave SoundTouch IV",516.14,Music System
671,231,"Denon, DCD-1600NE",738.59,Music System
672,232,"Denon, DCD-600NE",328.51,Music System
673,233,"Denon, DCD-800NE",534.13,Music System
674,234,"Denon, DNP-800NE",574.22,Music System
675,472,"Heco, Concerto 5000",2075.38,Music System
676,473,"Heco, Concerto 3000",1720.72,Music System
677,578,"JBL, Horizon 2",112.83,Music System
678,579,"JBL, Playlist",129.97,Music System
679,580,"JBL, PartyBox 300",440.53,Music System
680,827,"LG, CM4590",164.24,Music System
681,828,"LG, CK43",205.84,Music System
682,829,"LG, CK99",415.61,Music System
683,830,"LG, CL65",336.23,Music System
684,873,"Magnat, MC 200",492.8,Music System
685,874,"Magnat, MC 300",539.61,Music System
686,961,"Marantz, M-CR612",595.36,Music System
687,962,"Marantz, NA6006",664.64,Music System
688,1050,"Onkyo, CS-375",258.07,Music System
689,1062,"Panasonic, SC-UX100",97.35,Music System
690,1063,"Panasonic, SC-TMAX10",356.4,Music System
691,1064,"Panasonic, SC-UA30",225.2,Music System
692,1072,"Philips, FX10",83.66,Music System
693,1073,"Philips, FX50",132.25,Music System
694,1074,"Philips, FX80",176.3,Music System
695,1122,"Pioneer, X-CM56B",173.94,Music System
696,1123,"Pioneer, DJ DDJ-400",223.27,Music System
697,1124,"Pioneer, X-CM66D",218.07,Music System
698,1125,"Pioneer, X-HM76",404.93,Music System
699,1126,"Pioneer, X-HM86D",498.44,Music System
700,1127,"Pioneer, X-PM32",249.61,Music System
701,1395,"Sharp, XL-BH250",113.26,Music System
702,1450,"Sony, CMT-SBT100",128.46,Music System
703,1451,"Sony, LBT-GPX555",664.64,Music System
704,1452,"Sony, GTK-PG10",223.34,Music System
705,1453,"Sony, MHC-V13",258.45,Music System
706,1454,"Sony, SHAKE-X30D",522.65,Music System
707,1614,"Yamaha, MCR-N470",567.19,Music System
708,1615,"Yamaha, PSR-SX900",1290.14,Music System
709,1616,"Yamaha, MCR-B043BL",205.72,Music System
710,1617,"Yamaha, PSR-E273",170.01,Music System
711,1618,"Yamaha, PSR-E373",261.35,Music System
712,1619,"Yamaha, PSR-EW310",328.94,Music System
713,1620,"Yamaha, PSR-SX600",664.57,Music System
714,1621,"Yamaha, PSR-SX700",890.9,Music System
715,97,"Bowers & Wilkins, 704 S2",2460.94,Floorstanding Speakers
716,98,"Bowers & Wilkins, 603 S2 Anniversary Edition",1320.9,Floorstanding Speakers
717,116,"Canton, Chrono 509.2 DC",680.47,Floorstanding Speakers
718,139,"Dali, Spektor 6",656.92,Floorstanding Speakers
719,140,"Dali, Spektor 7",723.25,Floorstanding Speakers
720,141,"Dali, Zensor 5",840.98,Floorstanding Speakers
721,142,"Dali, Zensor 7",891.17,Floorstanding Speakers
722,143,"Dali, Rubicon 6",2490.91,Floorstanding Speakers
723,144,"Dali, Oberon 7",1204.06,Floorstanding Speakers
724,145,"Dali, Oberon 7 C",1640.45,Floorstanding Speakers
725,146,"Dali, Oberon 9",1660.26,Floorstanding Speakers
726,147,"Dali, Opticon 6",1892.1,Floorstanding Speakers
727,148,"Dali, Opticon 8",2580.7,Floorstanding Speakers
728,149,"Dali, Zensor 5 AX",1275.72,Floorstanding Speakers
729,200,"Definitive Technology, BP9020",890.38,Floorstanding Speakers
730,250,"Dynaudio, Evoke 30",3045.27,Floorstanding Speakers
731,285,"Edifier, R1580MB",264.63,Floorstanding Speakers
732,286,"Edifier, R2730DB",344.41,Floorstanding Speakers
733,287,"Edifier, R2730DB-BLACK",320.78,Floorstanding Speakers
734,288,"Edifier, S90HD",410.02,Floorstanding Speakers
735,327,"Elac, Debut 2.0 F6.2",435.67,Floorstanding Speakers
736,351,"Focal, Chora 826",1548.47,Floorstanding Speakers
737,396,"Harman Kardon, Citation Tower",2075.0,Floorstanding Speakers
738,397,"Harman Kardon, HKTS 60",703.57,Floorstanding Speakers
739,474,"Heco, Music Colors 200",356.83,Floorstanding Speakers
740,475,"Heco, Victa Prime 502",498.37,Floorstanding Speakers
741,476,"Heco, Celan Revolution 9",2100.12,Floorstanding Speakers
742,477,"Heco, Elementa 700",2352.72,Floorstanding Speakers
743,478,"Heco, Music Style 1000",2225.08,Floorstanding Speakers
744,479,"Heco, Aurora 1000",1144.07,Floorstanding Speakers
745,480,"Heco, Aurora 700",829.73,Floorstanding Speakers
746,481,"Heco, Music Colors 100",704.85,Floorstanding Speakers
747,482,"Heco, Music Style 900",1335.51,Floorstanding Speakers
748,483,"Heco, Victa Prime 702",622.62,Floorstanding Speakers
749,581,"JBL, Arena 170",528.45,Floorstanding Speakers
750,582,"JBL, Arena 180",623.38,Floorstanding Speakers
751,583,"JBL, Stage A190",729.81,Floorstanding Speakers
752,584,"JBL, Studio 590",1720.28,Floorstanding Speakers
753,585,"JBL, Studio 680",711.66,Floorstanding Speakers
754,586,"JBL, Stage A170",630.71,Floorstanding Speakers
755,587,"JBL, Stage A180",712.43,Floorstanding Speakers
756,588,"JBL, Studio 270",792.55,Floorstanding Speakers
757,589,"JBL, Studio 280",830.41,Floorstanding Speakers
758,590,"JBL, Studio 580",1230.0,Floorstanding Speakers
759,694,"KEF, Q550",995.85,Floorstanding Speakers
760,695,"KEF, R5",2240.13,Floorstanding Speakers
761,696,"KEF, Q750",996.02,Floorstanding Speakers
762,697,"KEF, Q950",1759.14,Floorstanding Speakers
763,698,"KEF, R11",3520.1,Floorstanding Speakers
764,699,"KEF, R3",2050.48,Floorstanding Speakers
765,765,"Klipsch, R-620F",440.15,Floorstanding Speakers
766,766,"Klipsch, R-820F",522.78,Floorstanding Speakers
767,767,"Klipsch, Forte IV",4005.83,Floorstanding Speakers
768,768,"Klipsch, RF-7 III",2988.59,Floorstanding Speakers
769,769,"Klipsch, R-610F",340.64,Floorstanding Speakers
770,770,"Klipsch, R-625FA",648.83,Floorstanding Speakers
771,771,"Klipsch, RP-280F",946.09,Floorstanding Speakers
772,772,"Klipsch, RP-5000F",609.41,Floorstanding Speakers
773,773,"Klipsch, RP-6000F",664.37,Floorstanding Speakers
774,774,"Klipsch, RP-8000F",972.55,Floorstanding Speakers
775,775,"Klipsch, RP-8060FA",1392.58,Floorstanding Speakers
776,875,"Magnat, Monitor Supreme 1000",164.09,Floorstanding Speakers
777,876,"Magnat, Monitor Supreme 2000",870.72,Floorstanding Speakers
778,877,"Magnat, Tempus 55",393.88,Floorstanding Speakers
779,878,"Magnat, Tempus 77",400.8,Floorstanding Speakers
780,879,"Magnat, Quantum 1005",1215.32,Floorstanding Speakers
781,880,"Magnat, Quantum 1009",2100.75,Floorstanding Speakers
782,881,"Magnat, Quantum 1009S",1680.29,Floorstanding Speakers
783,882,"Magnat, Quantum 753",900.67,Floorstanding Speakers
784,883,"Magnat, Quantum 909",2670.99,Floorstanding Speakers
785,884,"Magnat, Monitor Supreme 3000",405.65,Floorstanding Speakers
786,885,"Magnat, Monitor Supreme 5000",567.49,Floorstanding Speakers
787,886,"Magnat, Quantum 1003S",648.36,Floorstanding Speakers
788,887,"Magnat, Quantum 755",648.54,Floorstanding Speakers
789,888,"Magnat, Quantum 757",1080.06,Floorstanding Speakers
790,889,"Magnat, Quantum 803",830.35,Floorstanding Speakers
791,890,"Magnat, Quantum 807",1044.59,Floorstanding Speakers
792,891,"Magnat, Quantum 809",1305.21,Floorstanding Speakers
793,892,"Magnat, Signature 505",609.22,Floorstanding Speakers
794,893,"Magnat, Signature 507",648.41,Floorstanding Speakers
795,985,"Marshall, Woburn II Bluetooth",510.34,Floorstanding Speakers
796,1001,"Monitor Audio, Silver 200",2125.48,Floorstanding Speakers
797,1002,"Monitor Audio, Bronze 5",492.71,Floorstanding Speakers
798,1128,"Pioneer, SP-FS51-LR",213.16,Floorstanding Speakers
799,1129,"Pioneer, SP-FS52",214.02,Floorstanding Speakers
800,1130,"Pioneer, Elite SP-EFS73",860.41,Floorstanding Speakers
801,1131,"Pioneer, FS52",261.51,Floorstanding Speakers
802,1132,"Pioneer, S-31-LR",656.93,Floorstanding Speakers
803,1133,"Pioneer, S-31-LR-K",774.31,Floorstanding Speakers
804,1134,"Pioneer, S-FS52-LR",331.93,Floorstanding Speakers
805,1135,"Pioneer, S-FS73A",516.13,Floorstanding Speakers
806,1181,"Polk Audio, T50",168.84,Floorstanding Speakers
807,1182,"Polk Audio, Monitor 70 Series II",356.55,Floorstanding Speakers
808,1231,"Q-Acoustics, 2040i",680.51,Floorstanding Speakers
809,1232,"Q-Acoustics, 2050",609.41,Floorstanding Speakers
810,1233,"Q-Acoustics, 2050i",504.84,Floorstanding Speakers
811,1234,"Q-Acoustics, 3050",623.33,Floorstanding Speakers
812,1235,"Q-Acoustics, 3050C",840.5,Floorstanding Speakers
813,1236,"Q-Acoustics, 3050i",696.53,Floorstanding Speakers
814,1237,"Q-Acoustics, Concept 40",1335.68,Floorstanding Speakers
815,1293,"Revel, Concerta2 F36",2125.18,Floorstanding Speakers
816,1455,"Sony, SSCS3",134.04,Floorstanding Speakers
817,1478,"Tannoy, Revolution XT 6F",1080.48,Floorstanding Speakers
818,1489,"Triangle, Borea BR08",623.41,Floorstanding Speakers
819,1520,"Wharfedale, Heritage Linton",2250.55,Floorstanding Speakers
820,1521,"Wharfedale, Linton Heritage",1760.55,Floorstanding Speakers
821,1522,"Wharfedale, Diamond 10.7",1530.81,Floorstanding Speakers
822,1523,"Wharfedale, Diamond 11.3",486.61,Floorstanding Speakers
823,1524,"Wharfedale, Diamond 11.4",720.71,Floorstanding Speakers
824,1525,"Wharfedale, Diamond 11.5",560.46,Floorstanding Speakers
825,1526,"Wharfedale, Diamond 11.6",1080.79,Floorstanding Speakers
826,1527,"Wharfedale, Diamond 11.7",1296.38,Floorstanding Speakers
827,1528,"Wharfedale, Diamond 12.3",574.5,Floorstanding Speakers
828,1529,"Wharfedale, Diamond 230",840.02,Floorstanding Speakers
829,1530,"Wharfedale, Diamond 240",1335.45,Floorstanding Speakers
830,1531,"Wharfedale, Evo 4.4",765.34,Floorstanding Speakers
831,1622,"Yamaha, NS-6490",352.95,Floorstanding Speakers
832,1623,"Yamaha, NS-F150",323.8,Floorstanding Speakers
833,1624,"Yamaha, NS-F210",160.71,Floorstanding Speakers
834,1625,"Yamaha, NS-F51",351.7,Floorstanding Speakers
835,1626,"Yamaha, NS-555",533.53,Floorstanding Speakers
836,1627,"Yamaha, NS-777",680.09,Floorstanding Speakers
837,90,"Bose, Virtually Invisible 591",298.17,Wall Speakers
838,99,"Bowers & Wilkins, CCM362",680.53,Wall Speakers
839,100,"Bowers & Wilkins, CWM663",480.93,Wall Speakers
840,150,"Dali, Fazon Mikro",328.91,Wall Speakers
841,151,"Dali, Phantom E-50",290.67,Wall Speakers
842,152,"Dali, Phantom E-60",340.86,Wall Speakers
843,153,"Dali, Phantom H-50",249.88,Wall Speakers
844,154,"Dali, Phantom M-250",1230.98,Wall Speakers
845,155,"Dali, Phantom S-180",2700.32,Wall Speakers
846,156,"Dali, Phantom S-280",4100.83,Wall Speakers
847,157,"Dali, Phantom S-80",2025.96,Wall Speakers
848,158,"Dali, Rubicon LCR",1740.85,Wall Speakers
849,159,"Dali, Fazon LCR",534.93,Wall Speakers
850,160,"Dali, Oberon On-Wall",492.2,Wall Speakers
851,161,"Dali, Oberon On-Wall C",648.53,Wall Speakers
852,162,"Dali, Phantom E-60 S",360.97,Wall Speakers
853,163,"Dali, Phantom E-80",440.75,Wall Speakers
854,164,"Dali, Phantom H-60",574.44,Wall Speakers
855,165,"Dali, Phantom H-80",731.98,Wall Speakers
856,201,"Definitive Technology, DI 6.5S",246.71,Wall Speakers
857,328,"Elac, Debut 2.0 OW4.2",160.54,Wall Speakers
858,352,"Focal, 100 OD8",261.59,Wall Speakers
859,398,"Harman Kardon, HKS 4BQ",126.79,Wall Speakers
860,399,"Harman Kardon, Citation Oasis",315.33,Wall Speakers
861,400,"Harman Kardon, Citation 500",405.97,Wall Speakers
862,401,"Harman Kardon, Onyx Studio 6",411.98,Wall Speakers
863,484,"Heco, Ambient 11F",127.74,Wall Speakers
864,485,"Heco, Ambient 22",104.83,Wall Speakers
865,486,"Heco, Ambient 22F",185.5,Wall Speakers
866,487,"Heco, Ambient 44F",355.9,Wall Speakers
867,488,"Heco, Ambient 88F",480.52,Wall Speakers
868,489,"Heco, Ambient 33F",290.74,Wall Speakers
869,490,"Heco, Ambient 44",180.47,Wall Speakers
870,591,"JBL, Studio 210",165.95,Wall Speakers
871,592,"JBL, Control 126W",202.93,Wall Speakers
872,593,"JBL, Control 24CT",135.29,Wall Speakers
873,594,"JBL, Control 28-1",301.85,Wall Speakers
874,595,"JBL, Control 29AV",392.2,Wall Speakers
875,596,"JBL, Control HST",252.52,Wall Speakers
876,597,"JBL, Control One Pro",132.93,Wall Speakers
877,598,"JBL, Control X",340.21,Wall Speakers
878,700,"KEF, T101",200.02,Wall Speakers
879,701,"KEF, T301",609.36,Wall Speakers
880,702,"KEF, Ci130QR",267.19,Wall Speakers
881,703,"KEF, Ci160CR",290.52,Wall Speakers
882,704,"KEF, Ci160QR",356.63,Wall Speakers
883,705,"KEF, Ci3160RL-THX",696.25,Wall Speakers
884,706,"KEF, Ci4100QL",356.84,Wall Speakers
885,707,"KEF, Ventura 5",246.56,Wall Speakers
886,776,"Klipsch, Gallery G-16",172.89,Wall Speakers
887,777,"Klipsch, R-41SA",218.19,Wall Speakers
888,778,"Klipsch, CP-6",304.54,Wall Speakers
889,779,"Klipsch, R-1650-W",162.86,Wall Speakers
890,780,"Klipsch, R-5650-S II",315.06,Wall Speakers
891,781,"Klipsch, R-5800-W",252.75,Wall Speakers
892,782,"Klipsch, R-5800-W II",267.99,Wall Speakers
893,783,"Klipsch, RP-500SA",440.2,Wall Speakers
894,784,"Klipsch, RP-600SA",440.42,Wall Speakers
895,785,"Klipsch, Reference Premiere Designer On-Wall",616.78,Wall Speakers
896,894,"Magnat, IC 82",123.92,Wall Speakers
897,895,"Magnat, ICQ 62",108.56,Wall Speakers
898,999,"Micca, M-8S",43.76,Wall Speakers
899,1003,"Monitor Audio, Climate 50",308.88,Wall Speakers
900,1004,"Monitor Audio, Radius 45",200.73,Wall Speakers
901,1005,"Monitor Audio, WT150-LCR",340.21,Wall Speakers
902,1051,"Onkyo, SKH-410",132.57,Wall Speakers
903,1067,"Paradigm, SA-15R-30",360.13,Wall Speakers
904,1136,"Pioneer, S-IW691",222.67,Wall Speakers
905,1137,"Pioneer, S-IC651",170.16,Wall Speakers
906,1138,"Pioneer, S-IC691A",180.42,Wall Speakers
907,1139,"Pioneer, S-IC821D",294.7,Wall Speakers
908,1140,"Pioneer, S-IC831A",258.79,Wall Speakers
909,1141,"Pioneer, S-IW871-LR",335.78,Wall Speakers
910,1142,"Pioneer, S-IW891L",356.29,Wall Speakers
911,1183,"Polk Audio, RC65i",85.6,Wall Speakers
912,1184,"Polk Audio, 70-RT",215.58,Wall Speakers
913,1205,"Pyle, PDIC60",36.19,Wall Speakers
914,1238,"Q-Acoustics, 1010i",156.77,Wall Speakers
915,1239,"Q-Acoustics, 2010",100.51,Wall Speakers
916,1240,"Q-Acoustics, 7000LRi",246.39,Wall Speakers
917,1241,"Q-Acoustics, 7000ST",172.58,Wall Speakers
918,1242,"Q-Acoustics, 7000i LR",210.39,Wall Speakers
919,1243,"Q-Acoustics, QI 65EW",210.77,Wall Speakers
920,1244,"Q-Acoustics, QI65C",126.45,Wall Speakers
921,1245,"Q-Acoustics, QI65CB",170.79,Wall Speakers
922,1246,"Q-Acoustics, QI65RP",150.35,Wall Speakers
923,1294,"Revel, Architectural by",830.68,Wall Speakers
924,1421,"Sonance, Visual Performance VP62R",396.79,Wall Speakers
925,1422,"Sonos, Architectural by Sonance",287.74,Wall Speakers
926,1486,"Triad, InRoom Bronze Surround",430.41,Wall Speakers
927,1532,"Wharfedale, DX-1SE",215.14,Wall Speakers
928,1533,"Wharfedale, DX-2",420.48,Wall Speakers
929,1628,"Yamaha, NS-AW150",96.33,Wall Speakers
930,1629,"Yamaha, NS-AW294",175.65,Wall Speakers
931,1630,"Yamaha, NS-IC600",224.24,Wall Speakers
932,1631,"Yamaha, NS-IC800",222.89,Wall Speakers
933,1632,"Yamaha, NS-AW194",126.03,Wall Speakers
934,1633,"Yamaha, NS-AW592",242.58,Wall Speakers
935,1634,"Yamaha, NS-IC400",127.55,Wall Speakers
936,1635,"Yamaha, NS-IC800BL",217.68,Wall Speakers
937,1636,"Yamaha, NS-IW660",258.23,Wall Speakers
938,7,"AKG, K361",84.84,Headset
939,13,"ASUS, ROG Delta",111.86,Headset
940,14,"ASUS, ROG Strix Go 2.4",126.19,Headset
941,15,"ASUS, TUF Gaming H3",42.32,Headset
942,52,"Audio-Technica, ATH-M40X",89.56,Headset
943,69,"Beyerdynamic, DT 240 Pro",81.42,Headset
944,123,"Corsair, HS60 Pro",56.08,Headset
945,124,"Corsair, HS35",33.29,Headset
946,125,"Corsair, HS50",44.68,Headset
947,126,"Corsair, HS50 Pro",41.97,Headset
948,235,"Denon, AH-D9200",1290.73,Headset
949,236,"Denon, AH-D1200",160.44,Headset
950,289,"Edifier, HECATE GM2",124.93,Headset
951,290,"Edifier, HECATE GM3",166.41,Headset
952,291,"Edifier, HECATE GM3-GREEN",168.2,Headset
953,292,"Edifier, HECATE GM5-BLUE",249.13,Headset
954,293,"Edifier, T5-PLUS",210.33,Headset
955,294,"Edifier, G4 SE",50.15,Headset
956,295,"Edifier, G4 TE",56.21,Headset
957,296,"Edifier, K800",36.08,Headset
958,297,"Edifier, K800-PINK",33.68,Headset
959,491,"Heco, Voice 200",35.53,Headset
960,492,"Heco, Voice 500",62.68,Headset
961,534,"HyperX, Cloud Flight",127.96,Headset
962,535,"HyperX, Cloud II",86.77,Headset
963,536,"HyperX, Cloud Stinger Core",43.54,Headset
964,599,"JBL, Quantum 100",43.5,Headset
965,600,"JBL, Quantum 200",51.9,Headset
966,601,"JBL, Quantum 300",71.28,Headset
967,602,"JBL, Quantum One",255.17,Headset
968,603,"JBL, Quantum 400",85.58,Headset
969,604,"JBL, Quantum 600",109.71,Headset
970,605,"JBL, Quantum 800",132.85,Headset
971,655,"JVC, HA-L50B",12.54,Headset
972,659,"Jabra, Evolve 40",58.94,Headset
973,841,"Logitech, H390",21.04,Headset
974,842,"Logitech, G Pro X",113.51,Headset
975,843,"Logitech, G332",42.07,Headset
976,844,"Logitech, G432",64.87,Headset
977,896,"Magnat, LZR 760 ANC",164.01,Headset
978,897,"Magnat, LZR 760 BT",178.7,Headset
979,986,"Marshall, MID Bluetooth",151.4,Headset
980,987,"Marshall, Major III Bluetooth",132.78,Headset
981,988,"Marshall, Mode",58.41,Headset
982,1000,"Microsoft, LifeChat LX-3000",25.99,Headset
983,1011,"Mpow, 071",26.13,Headset
984,1052,"Onkyo, ED-PH0N3S",133.79,Headset
985,1065,"Panasonic, RP-HF100M-K",16.94,Headset
986,1143,"Pioneer, HDJ-X5",103.98,Headset
987,1144,"Pioneer, HDJ-X7",160.04,Headset
988,1180,"Plantronics, Audio 628",34.0,Headset
989,1285,"Razer, BlackShark V2",83.9,Headset
990,1286,"Razer, Kraken Tournament Edition",71.33,Headset
991,1287,"Razer, Kraken X",41.97,Headset
992,1363,"Sennheiser, PC 2 Chat",16.34,Headset
993,1364,"Sennheiser, PC 3 Chat",25.85,Headset
994,1365,"Sennheiser, PC 3.2 CHAT",16.84,Headset
995,1366,"Sennheiser, PC 5 Chat",31.69,Headset
996,1367,"Sennheiser, PC 7 USB",25.54,Headset
997,1368,"Sennheiser, PC 8",41.92,Headset
998,1369,"Sennheiser, PC 8 USB",32.69,Headset
999,1370,"Sennheiser, PC 8.2 CHAT",41.34,Headset
1000,1371,"Sennheiser, SC 130 USB",34.62,Headset
1001,1372,"Sennheiser, SC 135 USB",51.67,Headset
1002,1373,"Sennheiser, SC 160 USB",82.35,Headset
1003,1374,"Sennheiser, SC 165",65.61,Headset
1004,1375,"Sennheiser, SC 165 USB",68.1,Headset
1005,1376,"Sennheiser, SC 260 USB MS II",110.29,Headset
1006,1377,"Sennheiser, SC 60 USB ML",62.9,Headset
1007,1418,"Skullcandy, Riff Wireless",33.06,Headset
1008,1456,"Sony, WH-CH510",54.0,Headset
1009,1470,"SteelSeries, Arctis 1",41.59,Headset
1010,1471,"SteelSeries, Arctis 3",57.81,Headset
1011,1472,"SteelSeries, Arctis 5",84.24,Headset
1012,1495,"Turtle Beach, Recon 70",33.61,Headset
1013,60,"Audioengine, A5+",430.31,Bookshelf Speakers
1014,101,"Bowers & Wilkins, 606 S2 Anniversary Edition",574.95,Bookshelf Speakers
1015,102,"Bowers & Wilkins, 607 S2 Anniversary Edition",688.76,Bookshelf Speakers
1016,117,"Canton, GLE 426.2",396.12,Bookshelf Speakers
1017,166,"Dali, Spektor 1",213.5,Bookshelf Speakers
1018,167,"Dali, Spektor 2",252.43,Bookshelf Speakers
1019,168,"Dali, Zensor 1",294.93,Bookshelf Speakers
1020,169,"Dali, Zensor 3",324.21,Bookshelf Speakers
1021,170,"Dali, Epicon 2",3320.78,Bookshelf Speakers
1022,171,"Dali, Menuet SE",1660.2,Bookshelf Speakers
1023,172,"Dali, Oberon 1",478.51,Bookshelf Speakers
1024,173,"Dali, Oberon 3",595.91,Bookshelf Speakers
1025,174,"Dali, Oberon 5",801.52,Bookshelf Speakers
1026,175,"Dali, Opticon 1",615.02,Bookshelf Speakers
1027,176,"Dali, Opticon 2",765.5,Bookshelf Speakers
1028,177,"Dali, Opticon 5",1320.98,Bookshelf Speakers
1029,202,"Definitive Technology, Demand D7",468.03,Bookshelf Speakers
1030,237,"Denon, SC-M41",123.54,Bookshelf Speakers
1031,238,"Denon, SC-M50",261.14,Bookshelf Speakers
1032,251,"Dynaudio, Emit M10",616.67,Bookshelf Speakers
1033,298,"Edifier, S3000Pro",680.77,Bookshelf Speakers
1034,299,"Edifier, S3000Pro-BROWN",352.73,Bookshelf Speakers
1035,300,"Edifier, P17",117.89,Bookshelf Speakers
1036,301,"Edifier, R1080BT",90.9,Bookshelf Speakers
1037,302,"Edifier, R1080BT-WOOD",83.82,Bookshelf Speakers
1038,303,"Edifier, R1280DB-WHITE",127.56,Bookshelf Speakers
1039,304,"Edifier, R1280DB-YELLOW",112.21,Bookshelf Speakers
1040,305,"Edifier, R1280DBs",123.08,Bookshelf Speakers
1041,306,"Edifier, R1280T-BROWN",101.67,Bookshelf Speakers
1042,307,"Edifier, R1700BT-BLACK",115.06,Bookshelf Speakers
1043,308,"Edifier, R1700BT-BLUE",108.45,Bookshelf Speakers
1044,309,"Edifier, R1850DB",178.37,Bookshelf Speakers
1045,310,"Edifier, R1850DBs",162.52,Bookshelf Speakers
1046,311,"Edifier, R2000DB",225.81,Bookshelf Speakers
1047,312,"Edifier, R980T",69.93,Bookshelf Speakers
1048,329,"Elac, Debut 2.0 B6.2",240.15,Bookshelf Speakers
1049,353,"Focal, Chora 806",792.26,Bookshelf Speakers
1050,402,"Harman Kardon, HKTS 16BQ",119.55,Bookshelf Speakers
1051,403,"Harman Kardon, HKTS 20BQ",266.78,Bookshelf Speakers
1052,404,"Harman Kardon, HKTS 30SAT-2",161.79,Bookshelf Speakers
1053,405,"Harman Kardon, Citation One MKII",173.72,Bookshelf Speakers
1054,406,"Harman Kardon, SoundSticks 4",254.41,Bookshelf Speakers
1055,493,"Heco, Aurora 200",243.84,Bookshelf Speakers
1056,494,"Heco, Aurora 300",245.93,Bookshelf Speakers
1057,495,"Heco, Music Style 200",205.35,Bookshelf Speakers
1058,496,"Heco, Music Style 500",352.77,Bookshelf Speakers
1059,497,"Heco, Victa Prime 102",128.29,Bookshelf Speakers
1060,498,"Heco, Victa Prime 202",155.42,Bookshelf Speakers
1061,499,"Heco, Victa Prime 302",175.89,Bookshelf Speakers
1062,500,"Heco, Celan GT 202",534.46,Bookshelf Speakers
1063,501,"Heco, Celan GT 302",640.98,Bookshelf Speakers
1064,502,"Heco, Elementa 200",364.56,Bookshelf Speakers
1065,503,"Heco, Elementa 300",383.04,Bookshelf Speakers
1066,606,"JBL, Arena 120",219.76,Bookshelf Speakers
1067,607,"JBL, Arena 130",264.8,Bookshelf Speakers
1068,608,"JBL, Stage A100",112.72,Bookshelf Speakers
1069,609,"JBL, Stage A120",128.26,Bookshelf Speakers
1070,610,"JBL, Stage A130",172.81,Bookshelf Speakers
1071,611,"JBL, L100 Classic",3600.39,Bookshelf Speakers
1072,612,"JBL, Arena 140",179.1,Bookshelf Speakers
1073,613,"JBL, Stage A140",144.27,Bookshelf Speakers
1074,614,"JBL, Studio 220",251.67,Bookshelf Speakers
1075,615,"JBL, Studio 230",257.97,Bookshelf Speakers
1076,616,"JBL, Studio 530",528.53,Bookshelf Speakers
1077,708,"KEF, Q150",504.89,Bookshelf Speakers
1078,709,"KEF, Q350",679.51,Bookshelf Speakers
1079,710,"KEF, LS50 Meta",1260.86,Bookshelf Speakers
1080,711,"KEF, LSX Soundwave Edition",1215.31,Bookshelf Speakers
1081,786,"Klipsch, R-14M",172.65,Bookshelf Speakers
1082,787,"Klipsch, R-15M",222.23,Bookshelf Speakers
1083,788,"Klipsch, R-41M",126.6,Bookshelf Speakers
1084,789,"Klipsch, R-51M",237.98,Bookshelf Speakers
1085,790,"Klipsch, RP-150M",308.71,Bookshelf Speakers
1086,791,"Klipsch, RP-160M",332.39,Bookshelf Speakers
1087,792,"Klipsch, RP-500M",344.45,Bookshelf Speakers
1088,793,"Klipsch, RP-500M II",373.85,Bookshelf Speakers
1089,794,"Klipsch, RP-600M",457.01,Bookshelf Speakers
1090,898,"Magnat, Monitor Supreme 100",89.82,Bookshelf Speakers
1091,899,"Magnat, Monitor Supreme 1002",480.12,Bookshelf Speakers
1092,900,"Magnat, Monitor Supreme 202",172.83,Bookshelf Speakers
1093,901,"Magnat, Quantum Edelstein",880.44,Bookshelf Speakers
1094,902,"Magnat, Interior IW 810",297.7,Bookshelf Speakers
1095,903,"Magnat, Interior IW 810X",322.62,Bookshelf Speakers
1096,904,"Magnat, Monitor Supreme 202A",252.84,Bookshelf Speakers
1097,905,"Magnat, Monitor Supreme 302",336.83,Bookshelf Speakers
1098,906,"Magnat, Monitor Supreme 502",415.3,Bookshelf Speakers
1099,907,"Magnat, Quantum 673",504.13,Bookshelf Speakers
1100,989,"Marshall, Stanmore II",320.24,Bookshelf Speakers
1101,1006,"Monitor Audio, Bronze 2",328.04,Bookshelf Speakers
1102,1068,"Paradigm, Monitor SE Atom",261.15,Bookshelf Speakers
1103,1145,"Pioneer, S-CN301-LR",84.42,Bookshelf Speakers
1104,1146,"Pioneer, SP-BS21-LR",86.39,Bookshelf Speakers
1105,1147,"Pioneer, SP-BS22-LR",117.36,Bookshelf Speakers
1106,1148,"Pioneer, Elite SP-EBS73",615.08,Bookshelf Speakers
1107,1149,"Pioneer, S-31B-LR",249.91,Bookshelf Speakers
1108,1150,"Pioneer, S-51B",312.26,Bookshelf Speakers
1109,1151,"Pioneer, S-A4SPT-PM",352.59,Bookshelf Speakers
1110,1152,"Pioneer, SP-BS22A-LR",155.37,Bookshelf Speakers
1111,1185,"Polk Audio, T15",68.13,Bookshelf Speakers
1112,1247,"Q-Acoustics, Concept 300",2160.26,Bookshelf Speakers
1113,1248,"Q-Acoustics, 1010",99.72,Bookshelf Speakers
1114,1249,"Q-Acoustics, 2000",111.38,Bookshelf Speakers
1115,1250,"Q-Acoustics, 2010i",128.2,Bookshelf Speakers
1116,1251,"Q-Acoustics, 3010i",200.37,Bookshelf Speakers
1117,1252,"Q-Acoustics, 3020",185.04,Bookshelf Speakers
1118,1253,"Q-Acoustics, 3020i",252.44,Bookshelf Speakers
1119,1254,"Q-Acoustics, 3030i",356.7,Bookshelf Speakers
1120,1255,"Q-Acoustics, Concept 20",510.96,Bookshelf Speakers
1121,1256,"Q-Acoustics, Q2020i",168.23,Bookshelf Speakers
1122,1295,"Revel, M16",800.18,Bookshelf Speakers
1123,1428,"Sonus Faber, Principia 3",572.48,Bookshelf Speakers
1124,1457,"Sony, SSCS5",107.54,Bookshelf Speakers
1125,1479,"Tannoy, Eclipse Mini",141.33,Bookshelf Speakers
1126,1490,"Triangle, Borea BR03",324.86,Bookshelf Speakers
1127,1534,"Wharfedale, Diamond 220",280.17,Bookshelf Speakers
1128,1535,"Wharfedale, Diamond 9.0",126.47,Bookshelf Speakers
1129,1536,"Wharfedale, Diamond 9.1",170.82,Bookshelf Speakers
1130,1537,"Wharfedale, Denton 80th Anniversary Edition",696.54,Bookshelf Speakers
1131,1538,"Wharfedale, Denton 85th Anniversary Edition",820.98,Bookshelf Speakers
1132,1539,"Wharfedale, Diamond 11.0",202.57,Bookshelf Speakers
1133,1540,"Wharfedale, Diamond 11.1",340.08,Bookshelf Speakers
1134,1541,"Wharfedale, Diamond 11.2",405.21,Bookshelf Speakers
1135,1542,"Wharfedale, Diamond 225",498.15,Bookshelf Speakers
1136,1637,"Yamaha, NS-333",220.58,Bookshelf Speakers
1137,1638,"Yamaha, NS-B310",132.92,Bookshelf Speakers
1138,1639,"Yamaha, NS-BP182",123.14,Bookshelf Speakers
1139,33,"Anker, Soundcore 2",36.06,Portable Speakers
1140,178,"Dali, Katch",287.68,Portable Speakers
1141,179,"Dali, Katch G2",420.56,Portable Speakers
1142,313,"Edifier, G15",79.76,Portable Speakers
1143,314,"Edifier, G15-PLUS",88.26,Portable Speakers
1144,315,"Edifier, G2000",68.26,Portable Speakers
1145,316,"Edifier, G2000-PINK",71.46,Portable Speakers
1146,317,"Edifier, MP380",83.91,Portable Speakers
1147,318,"Edifier, MP700",125.03,Portable Speakers
1148,407,"Harman Kardon, Aura Studio 3",246.89,Portable Speakers
1149,408,"Harman Kardon, Onyx Studio 5",192.63,Portable Speakers
1150,409,"Harman Kardon, Traveler",131.24,Portable Speakers
1151,410,"Harman Kardon, Aura Studio 2",178.73,Portable Speakers
1152,411,"Harman Kardon, Esquire 2",176.79,Portable Speakers
1153,412,"Harman Kardon, Esquire Mini 2",135.47,Portable Speakers
1154,413,"Harman Kardon, Esquire Mini 3",89.72,Portable Speakers
1155,414,"Harman Kardon, Go + Play Mini",258.09,Portable Speakers
1156,504,"Heco, Music Style 100",51.1,Portable Speakers
1157,505,"Heco, Music Style 200 BT",252.84,Portable Speakers
1158,617,"JBL, Clip 4",61.73,Portable Speakers
1159,618,"JBL, GO 3",40.22,Portable Speakers
1160,619,"JBL, Go 3",44.61,Portable Speakers
1161,620,"JBL, Charge 5",157.54,Portable Speakers
1162,621,"JBL, PartyBox On-The-Go",264.71,Portable Speakers
1163,622,"JBL, Pulse 4",172.81,Portable Speakers
1164,712,"KEF, Porsche Design Gravity One",574.46,Portable Speakers
1165,713,"KEF, Porsche Design Gravity One Black",623.88,Portable Speakers
1166,714,"KEF, Porsche Design Gravity One Blue",609.88,Portable Speakers
1167,715,"KEF, Porsche Design Gravity One Champagne",588.17,Portable Speakers
1168,716,"KEF, Porsche Design Gravity One Gold",574.54,Portable Speakers
1169,717,"KEF, Porsche Design Gravity One Red",567.53,Portable Speakers
1170,718,"KEF, Porsche Design Gravity One Silver",581.18,Portable Speakers
1171,719,"KEF, Porsche Design Gravity One Space Grey",595.12,Portable Speakers
1172,720,"KEF, Porsche Design Gravity One Titanium",574.87,Portable Speakers
1173,721,"KEF, MUO",283.52,Portable Speakers
1174,722,"KEF, Muo",267.55,Portable Speakers
1175,723,"KEF, Muo Horizon",352.75,Portable Speakers
1176,724,"KEF, Muo Metal",308.18,Portable Speakers
1177,795,"Klipsch, Heritage Wireless One II",220.08,Portable Speakers
1178,990,"Marshall, Emberton",129.25,Portable Speakers
1179,991,"Marshall, Kilburn",130.82,Portable Speakers
1180,992,"Marshall, Kilburn II",240.12,Portable Speakers
1181,993,"Marshall, Tufton",332.0,Portable Speakers
1182,1053,"Onkyo, CS-265",252.42,Portable Speakers
1183,1153,"Pioneer, XW-SX50",170.1,Portable Speakers
1184,1154,"Pioneer, XW-SX70",246.14,Portable Speakers
1185,1492,"Tribit, StormBox",63.84,Portable Speakers
1186,1493,"Tribit, StormBox Micro",44.16,Portable Speakers
1187,1494,"Tribit, XBoom",78.64,Portable Speakers
1188,1543,"Wharfedale, EXSON M",98.46,Portable Speakers
1189,1544,"Wharfedale, Exson M",131.47,Portable Speakers
1190,1545,"Wharfedale, Exson S",104.68,Portable Speakers
1191,1546,"Wharfedale, Vista 100",88.23,Portable Speakers
1192,1547,"Wharfedale, Vista 200",126.82,Portable Speakers
1193,1640,"Yamaha, MusicCast 50",409.89,Portable Speakers
1194,1641,"Yamaha, WX-010",174.88,Portable Speakers
1195,1642,"Yamaha, WX-010BL",135.37,Portable Speakers
1196,1643,"Yamaha, WX-030BL",174.34,Portable Speakers
1197,12,"ART, DJPREII",41.58,Preamplifier
1198,66,"Behringer, Microphono PP400",20.76,Preamplifier
1199,114,"Cambridge Audio, Azur 851N",1275.03,Preamplifier
1200,248,"Douk Audio, P2",64.9,Preamplifier
1201,340,"Emotiva, BasX PT-100",246.89,Preamplifier
1202,356,"Fosi Audio, P1 Tube",41.57,Preamplifier
1203,357,"Fosi Audio, T20",86.6,Preamplifier
1204,506,"Heco, Prelude 200",202.58,Preamplifier
1205,507,"Heco, Prelude 300",336.26,Preamplifier
1206,908,"Magnat, MR 760",630.44,Preamplifier
1207,909,"Magnat, MR 780",623.67,Preamplifier
1208,1013,"Musical Fidelity, MX-VYNL",890.77,Preamplifier
1209,1018,"NAD, C 165BEE",705.0,Preamplifier
1210,1025,"Nobsound, Mini",44.9,Preamplifier
1211,1026,"Nobsound, NS-10G PRO",61.27,Preamplifier
1212,1069,"Parasound, Halo P5",960.93,Preamplifier
1213,1155,"Pioneer, U-05-S",656.2,Preamplifier
1214,1203,"Pro-Ject, Audio Systems Pre Box S2 Digital",336.99,Preamplifier
1215,1206,"Pyle, P1001AT",89.63,Preamplifier
1216,1207,"Pyle, PP555",25.02,Preamplifier
1217,1291,"Rega, Fono Mini A2D",147.65,Preamplifier
1218,1318,"Schiit Audio, Schiit Saga+",328.29,Preamplifier
1219,1644,"Yamaha, WXC-50",294.69,Preamplifier
1220,8,"AKG, K240",61.57,Wired Headphones
1221,9,"AKG, K240STUDIO",58.95,Wired Headphones
1222,10,"AKG, K701",166.4,Wired Headphones
1223,11,"AKG, K92",49.56,Wired Headphones
1224,53,"Audio-Technica, ATH-M20X",42.46,Wired Headphones
1225,54,"Audio-Technica, ATH-M30X",56.83,Wired Headphones
1226,55,"Audio-Technica, ATH-M50X",134.19,Wired Headphones
1227,70,"Beyerdynamic, DT 770 PRO",125.11,Wired Headphones
1228,71,"Beyerdynamic, DT 880 PRO",170.86,Wired Headphones
1229,72,"Beyerdynamic, DT 990 PRO",158.91,Wired Headphones
1230,239,"Denon, AH-C260R",43.41,Wired Headphones
1231,319,"Edifier, H840",34.39,Wired Headphones
1232,320,"Edifier, H840-GREY",42.06,Wired Headphones
1233,321,"Edifier, H840P",40.05,Wired Headphones
1234,322,"Edifier, H850",40.92,Wired Headphones
1235,323,"Edifier, P841",60.32,Wired Headphones
1236,415,"Harman Kardon, CL",104.61,Wired Headphones
1237,416,"Harman Kardon, Soho II NC",242.89,Wired Headphones
1238,508,"Heco, Stay 100",27.12,Wired Headphones
1239,509,"Heco, Stay 300",43.95,Wired Headphones
1240,623,"JBL, Quantum 50",25.86,Wired Headphones
1241,624,"JBL, T450",25.21,Wired Headphones
1242,625,"JBL, T460BT",36.1,Wired Headphones
1243,626,"JBL, T290",35.52,Wired Headphones
1244,627,"JBL, Tune 110",16.88,Wired Headphones
1245,628,"JBL, Tune 500",26.5,Wired Headphones
1246,656,"JVC, HA-RX330",26.45,Wired Headphones
1247,725,"KEF, M200",163.27,Wired Headphones
1248,726,"KEF, Porsche Design Space One",249.31,Wired Headphones
1249,727,"KEF, Space One",283.32,Wired Headphones
1250,796,"Klipsch, Heritage Headphones",489.61,Wired Headphones
1251,821,"Koss, KPH30i",25.32,Wired Headphones
1252,910,"Magnat, LZR 580",66.56,Wired Headphones
1253,911,"Magnat, LZR 980",90.37,Wired Headphones
1254,994,"Marshall, Mode EQ",63.25,Wired Headphones
1255,1054,"Onkyo, ES-HF300",135.17,Wired Headphones
1256,1066,"Panasonic, RP-HT161",17.65,Wired Headphones
1257,1075,"Philips, SHP6000",40.79,Wired Headphones
1258,1076,"Philips, SHP9500",57.64,Wired Headphones
1259,1156,"Pioneer, SE-CH5T",67.34,Wired Headphones
1260,1157,"Pioneer, SE-QL2T",42.32,Wired Headphones
1261,1158,"Pioneer, SE-CH9T",96.58,Wired Headphones
1262,1159,"Pioneer, SE-MHR5",220.16,Wired Headphones
1263,1160,"Pioneer, SE-MS5T",121.64,Wired Headphones
1264,1161,"Pioneer, SE-MX9",170.62,Wired Headphones
1265,1378,"Sennheiser, HD 2.30",44.11,Wired Headphones
1266,1379,"Sennheiser, HD 201",16.25,Wired Headphones
1267,1380,"Sennheiser, HD 206",40.06,Wired Headphones
1268,1381,"Sennheiser, HD 206 II",24.47,Wired Headphones
1269,1382,"Sennheiser, HD 206G",24.91,Wired Headphones
1270,1383,"Sennheiser, HD 300",67.81,Wired Headphones
1271,1384,"Sennheiser, HD 660 S",414.81,Wired Headphones
1272,1385,"Sennheiser, HD 800 S",1319.23,Wired Headphones
1273,1386,"Sennheiser, HD 25",124.02,Wired Headphones
1274,1387,"Sennheiser, HD 280 PRO",83.2,Wired Headphones
1275,1388,"Sennheiser, HD 300 PRO",159.27,Wired Headphones
1276,1389,"Sennheiser, HD 400S",63.65,Wired Headphones
1277,1390,"Sennheiser, HD 559",128.17,Wired Headphones
1278,1391,"Sennheiser, HD 560S",163.6,Wired Headphones
1279,1392,"Sennheiser, HD 569",152.19,Wired Headphones
1280,1393,"Sennheiser, HD 599",162.56,Wired Headphones
1281,1403,"Shure, SRH440",83.69,Wired Headphones
1282,1404,"Shure, SRH240A",48.66,Wired Headphones
1283,1405,"Shure, SRH840",133.93,Wired Headphones
1284,1419,"Skullcandy, Crusher",72.49,Wired Headphones
1285,1420,"Skullcandy, Riff",35.63,Wired Headphones
1286,1458,"Sony, MDRZX110/BLK",13.39,Wired Headphones
1287,1459,"Sony, MDR-7506",88.16,Wired Headphones
1288,1460,"Sony, MDR-XB450AP",33.45,Wired Headphones
1289,1461,"Sony, MDR7506",80.6,Wired Headphones
1290,1645,"Yamaha, HPH-50B",41.78,Wired Headphones
1291,1646,"Yamaha, EPH-100",130.03,Wired Headphones
1292,1647,"Yamaha, EPH-200",171.26,Wired Headphones
1293,1648,"Yamaha, HPH-MT5",85.68,Wired Headphones
1294,1649,"Yamaha, HPH-MT7",123.64,Wired Headphones
1295,103,"Bowers & Wilkins, ASW610",820.41,Subwoofer
1296,104,"Bowers & Wilkins, ASW608",534.13,Subwoofer
1297,118,"Canton, SUB 8.3",405.79,Subwoofer
1298,180,"Dali, Sub C-8 D",480.59,Subwoofer
1299,181,"Dali, Sub E-9 F",680.94,Subwoofer
1300,182,"Dali, Sub K-14 F",1335.69,Subwoofer
1301,183,"Dali, Sub P-10 DSS",1914.76,Subwoofer
1302,184,"Dali, E-12 F",747.87,Subwoofer
1303,185,"Dali, Sub E-12 F",672.6,Subwoofer
1304,186,"Dali, Sub K-14",1190.6,Subwoofer
1305,203,"Definitive Technology, ProSub 800",311.56,Subwoofer
1306,240,"Denon, DSW-1H",522.88,Subwoofer
1307,252,"Dynaudio, Sub 6",2175.34,Subwoofer
1308,324,"Edifier, R501BT",170.22,Subwoofer
1309,325,"Edifier, R501BTs",166.91,Subwoofer
1310,326,"Edifier, T5",107.21,Subwoofer
1311,330,"Elac, Debut 2.0 SUB3010",348.06,Subwoofer
1312,354,"Focal, Sub 1000 F",630.76,Subwoofer
1313,417,"Harman Kardon, HKTS 210SUB",260.17,Subwoofer
1314,418,"Harman Kardon, Citation Sub",829.82,Subwoofer
1315,419,"Harman Kardon, Citation Sub S",567.13,Subwoofer
1316,420,"Harman Kardon, Enchant Subwoofer",485.27,Subwoofer
1317,510,"Heco, Aurora Sub 30A",248.37,Subwoofer
1318,511,"Heco, Mercury Sub 202 A",217.51,Subwoofer
1319,512,"Heco, Victa Prime Sub 252A",328.15,Subwoofer
1320,513,"Heco, Victa Sub 251A",225.34,Subwoofer
1321,514,"Heco, Direkt Sub 250A",996.57,Subwoofer
1322,515,"Heco, Elementa Sub 3830A",924.39,Subwoofer
1323,516,"Heco, New Phalanx 302A",801.31,Subwoofer
1324,517,"Heco, Mercury Sub 252 A",344.26,Subwoofer
1325,518,"Heco, New Phalanx 202A",445.03,Subwoofer
1326,629,"JBL, Stage A100P",248.4,Subwoofer
1327,630,"JBL, Stage A120P",324.19,Subwoofer
1328,631,"JBL, PRX815XLFW",924.65,Subwoofer
1329,632,"JBL, Arena S10",210.68,Subwoofer
1330,633,"JBL, Control 50S/T",240.63,Subwoofer
1331,634,"JBL, Control SB210",504.15,Subwoofer
1332,635,"JBL, LSR310S",430.09,Subwoofer
1333,636,"JBL, PRX818XLF",774.62,Subwoofer
1334,637,"JBL, SUB 260P",435.5,Subwoofer
1335,638,"JBL, SUB 550P",522.71,Subwoofer
1336,639,"JBL, Studio 550P",515.23,Subwoofer
1337,728,"KEF, Kube 8b",503.16,Subwoofer
1338,729,"KEF, KC62",1215.93,Subwoofer
1339,730,"KEF, KF92-16",4000.4,Subwoofer
1340,731,"KEF, KF92-8",2670.28,Subwoofer
1341,732,"KEF, KF92",1320.43,Subwoofer
1342,733,"KEF, KF92-2",1680.11,Subwoofer
1343,734,"KEF, KF92-4",2100.95,Subwoofer
1344,735,"KEF, Kube 10b",712.46,Subwoofer
1345,736,"KEF, R400b",1274.9,Subwoofer
1346,797,"Klipsch, R-100SW",243.55,Subwoofer
1347,798,"Klipsch, R-120SW",258.49,Subwoofer
1348,799,"Klipsch, SPL-100",420.93,Subwoofer
1349,800,"Klipsch, SPL-120",415.35,Subwoofer
1350,801,"Klipsch, C-308ASWi",1740.09,Subwoofer
1351,802,"Klipsch, R-112SW",492.03,Subwoofer
1352,803,"Klipsch, R-115SW",729.34,Subwoofer
1353,804,"Klipsch, SPL-120SW",528.54,Subwoofer
1354,805,"Klipsch, SPL-150",801.02,Subwoofer
1355,912,"Magnat, Monitor Supreme Sub 200",133.89,Subwoofer
1356,913,"Magnat, Monitor Supreme Sub 301A",405.53,Subwoofer
1357,914,"Magnat, Alpha RS12",324.93,Subwoofer
1358,915,"Magnat, Monitor Supreme Sub 300",168.33,Subwoofer
1359,916,"Magnat, Monitor Supreme Sub 302A",540.08,Subwoofer
1360,917,"Magnat, Monitor Supreme Sub 500",213.2,Subwoofer
1361,918,"Magnat, Omega 300",405.92,Subwoofer
1362,995,"Marshall, Woburn II",656.3,Subwoofer
1363,1007,"Monitor Audio, Bronze W10",387.93,Subwoofer
1364,1008,"Monitor Audio, Silver W12",672.37,Subwoofer
1365,1162,"Pioneer, S-51W",173.91,Subwoofer
1366,1163,"Pioneer, SW-8MK2",132.71,Subwoofer
1367,1164,"Pioneer, Elite SW-E10",419.64,Subwoofer
1368,1165,"Pioneer, S-21W",134.32,Subwoofer
1369,1166,"Pioneer, S-71W",534.65,Subwoofer
1370,1167,"Pioneer, SW-10",308.16,Subwoofer
1371,1168,"Pioneer, SW-10MK2",267.1,Subwoofer
1372,1186,"Polk Audio, PSW10",126.2,Subwoofer
1373,1187,"Polk Audio, HTS 10",348.02,Subwoofer
1374,1257,"Q-Acoustics, QB50",900.68,Subwoofer
1375,1258,"Q-Acoustics, 2070Si",360.36,Subwoofer
1376,1259,"Q-Acoustics, 3010s",217.67,Subwoofer
1377,1260,"Q-Acoustics, 3050s",247.1,Subwoofer
1378,1261,"Q-Acoustics, 3060",263.05,Subwoofer
1379,1262,"Q-Acoustics, 3060S",336.96,Subwoofer
1380,1263,"Q-Acoustics, 3070S",430.73,Subwoofer
1381,1264,"Q-Acoustics, 7060S",308.63,Subwoofer
1382,1265,"Q-Acoustics, Q B10",430.33,Subwoofer
1383,1266,"Q-Acoustics, Q B12",510.94,Subwoofer
1384,1267,"Q-Acoustics, QB12",492.22,Subwoofer
1385,1268,"Q-Acoustics, QB20",630.57,Subwoofer
1386,1296,"Revel, PerformaBe B112",1660.65,Subwoofer
1387,1423,"Sonos, Sub (Gen 3)",602.97,Subwoofer
1388,1462,"Sony, SACS9",164.9,Subwoofer
1389,1487,"Triad, Bronze SlimSub",765.76,Subwoofer
1390,1548,"Wharfedale, PowerCube SPC-10",1068.17,Subwoofer
1391,1549,"Wharfedale, WH-D8",208.16,Subwoofer
1392,1550,"Wharfedale, WH-D8.2",258.78,Subwoofer
1393,1551,"Wharfedale, Diamond SW-150",420.91,Subwoofer
1394,1552,"Wharfedale, Diamond SW-250",630.4,Subwoofer
1395,1553,"Wharfedale, Diamond SW150",294.11,Subwoofer
1396,1554,"Wharfedale, PowerCube SPC-12",616.16,Subwoofer
1397,1555,"Wharfedale, SW-10",540.12,Subwoofer
1398,1556,"Wharfedale, SW-15",656.68,Subwoofer
1399,1557,"Wharfedale, WH-D10",405.61,Subwoofer
1400,1650,"Yamaha, NS-SW050",170.28,Subwoofer
1401,1651,"Yamaha, NS-SW050BL",106.6,Subwoofer
1402,1652,"Yamaha, YST-SW315",307.13,Subwoofer
1403,1653,"Yamaha, NS-SW1000",1117.17,Subwoofer
1404,1654,"Yamaha, NS-SW100",252.98,Subwoofer
1405,1655,"Yamaha, NS-SW200",360.24,Subwoofer
1406,1656,"Yamaha, NS-SW300",450.79,Subwoofer
1407,91,"Bose, Soundbar 700",720.18,Soundbar
1408,92,"Bose, Smart Soundbar 300",348.95,Soundbar
1409,93,"Bose, Solo 5",203.19,Soundbar
1410,94,"Bose, TV Speaker",202.8,Soundbar
1411,187,"Dali, Katch One",840.75,Soundbar
1412,188,"Dali, Kubik Free",1148.2,Soundbar
1413,189,"Dali, Kubik One",1008.4,Soundbar
1414,241,"Denon, DHT-S316",240.04,Soundbar
1415,242,"Denon, DHT-S516H",405.63,Soundbar
1416,243,"Denon, DHT-S716H",640.73,Soundbar
1417,421,"Harman Kardon, Citation Bar",594.39,Soundbar
1418,422,"Harman Kardon, Citation Bar 20",240.8,Soundbar
1419,423,"Harman Kardon, Citation Bar 40",332.44,Soundbar
1420,424,"Harman Kardon, Citation Bar 50",378.87,Soundbar
1421,425,"Harman Kardon, Enchant 1300",696.91,Soundbar
1422,426,"Harman Kardon, Enchant 800",430.68,Soundbar
1423,427,"Harman Kardon, SB 20",263.74,Soundbar
1424,428,"Harman Kardon, SB 26",243.53,Soundbar
1425,429,"Harman Kardon, SB 35",332.34,Soundbar
1426,430,"Harman Kardon, SB 36",387.43,Soundbar
1427,519,"Heco, Ascada 200 BTX",258.63,Soundbar
1428,640,"JBL, Bar Studio",215.9,Soundbar
1429,641,"JBL, Bar 5.1",521.89,Soundbar
1430,806,"Klipsch, Bar 40",251.92,Soundbar
1431,807,"Klipsch, RSB-3",170.14,Soundbar
1432,808,"Klipsch, RSB-6",218.28,Soundbar
1433,809,"Klipsch, Bar 54A",1275.34,Soundbar
1434,810,"Klipsch, Heritage Theater Bar",1936.22,Soundbar
1435,811,"Klipsch, Bar 48",444.43,Soundbar
1436,812,"Klipsch, Cinema 400",246.34,Soundbar
1437,831,"LG, SJ2",129.4,Soundbar
1438,832,"LG, SK1",86.56,Soundbar
1439,919,"Magnat, SBW 250",232.35,Soundbar
1440,920,"Magnat, Sounddeck 100",170.48,Soundbar
1441,921,"Magnat, Sounddeck 150",252.86,Soundbar
1442,922,"Magnat, WSB 50 Pro",210.73,Soundbar
1443,923,"Magnat, Sounddeck 1000",430.03,Soundbar
1444,924,"Magnat, Sounddeck 1500",688.45,Soundbar
1445,925,"Magnat, Sounddeck 200",344.94,Soundbar
1446,926,"Magnat, Sounddeck 2000",720.1,Soundbar
1447,927,"Magnat, Sounddeck 2000A",820.15,Soundbar
1448,928,"Magnat, Sounddeck 200A",405.9,Soundbar
1449,929,"Magnat, Sounddeck 250",168.88,Soundbar
1450,930,"Magnat, Sounddeck 350",258.26,Soundbar
1451,931,"Magnat, Sounddeck 450",332.38,Soundbar
1452,1055,"Onkyo, LS-T10",352.11,Soundbar
1453,1188,"Polk Audio, Signa S2",160.72,Soundbar
1454,1269,"Q-Acoustics, M1",298.05,Soundbar
1455,1270,"Q-Acoustics, M2",267.63,Soundbar
1456,1271,"Q-Acoustics, M4i",294.68,Soundbar
1457,1272,"Q-Acoustics, M6",396.97,Soundbar
1458,1273,"Q-Acoustics, Media 4",324.94,Soundbar
1459,1274,"Q-Acoustics, Q M4",348.59,Soundbar
1460,1275,"Q-Acoustics, Q-TV2",203.0,Soundbar
1461,1276,"Q-Acoustics, QV60",255.06,Soundbar
1462,1315,"Samsung, HW-T450",157.1,Soundbar
1463,1316,"Samsung, HW-T650",258.39,Soundbar
1464,1394,"Sennheiser, AMBEO Soundbar",2175.9,Soundbar
1465,1424,"Sonos, Arc",664.19,Soundbar
1466,1425,"Sonos, Beam",320.8,Soundbar
1467,1463,"Sony, HT-S100F",106.44,Soundbar
1468,1464,"Sony, HT-X8500",270.88,Soundbar
1469,1473,"TCL, Alto 6+",86.48,Soundbar
1470,1505,"Vizio, SB3621n-E8",128.21,Soundbar
1471,1657,"Yamaha, YAS-109",205.26,Soundbar
1472,1658,"Yamaha, YAS-209",297.99,Soundbar
1473,1659,"Yamaha, YAS-209BL",287.74,Soundbar
1474,1660,"Yamaha, YSP-2700",1079.73,Soundbar
1475,335,"Electrohome, Karaoke Machine",176.59,Karaoke System
1476,336,"Electrohome, Karaoke Machine Speaker System",149.78,Karaoke System
1477,520,"Heco, KaraFun 100",172.11,Karaoke System
1478,521,"Heco, KaraFun 300",356.09,Karaoke System
1479,537,"ION Audio, Party Rocker Plus",280.48,Karaoke System
1480,538,"ION Audio, Block Rocker Plus",122.31,Karaoke System
1481,539,"ION Audio, Party Rocker Max",203.48,Karaoke System
1482,745,"KaraoKing, Karaoke Machine",74.82,Karaoke System
1483,746,"Karaoke USA, GF846",252.88,Karaoke System
1484,747,"Karaoke USA, GF842",172.72,Karaoke System
1485,748,"Karaoke USA, GF845",184.01,Karaoke System
1486,932,"Magnat, MC 350",467.84,Karaoke System
1487,933,"Magnat, MC 400",430.56,Karaoke System
1488,1208,"Pyle, Karaoke Vibe",130.69,Karaoke System
1489,1209,"Pyle, Portable Karaoke PA Speaker System",104.65,Karaoke System
1490,1406,"Singing Machine, SML385UW",58.47,Karaoke System
1491,1407,"Singing Machine, Carpool Karaoke",283.57,Karaoke System
1492,1408,"Singing Machine, Studio",267.08,Karaoke System
1493,1409,"Singsation, All-In-One Karaoke System",123.54,Karaoke System
1494,1410,"Singsation, Karaoke Machine",161.17,Karaoke System
1495,1411,"Singtrix, Party Bundle",261.81,Karaoke System
1496,1412,"Singtrix, Party Bundle Premium Edition",328.68,Karaoke System
1497,1413,"Singtrix, Home Karaoke System",315.88,Karaoke System
1498,1476,"TONOR, PA System Karaoke Machine",98.17,Karaoke System
1499,1506,"VocoPro, SmartTVOke Karaoke System",445.04,Karaoke System
1500,1507,"VocoPro, Karaoke System",264.9,Karaoke System
1501,1508,"VocoPro, KaraokeDual",210.98,Karaoke System
1502,1661,"Yamaha, YVS-120",504.39,Karaoke System
1503,1662,"Yamaha, YVC-200",215.93,Karaoke System
1504,17,"Amazon, Echo Dot (4th Gen)",45.77,Smart Speaker
1505,18,"Amazon, Echo (4th Gen)",87.31,Smart Speaker
1506,19,"Amazon, Echo Dot (3rd Gen)",35.63,Smart Speaker
1507,20,"Amazon, Echo Show 5",67.28,Smart Speaker
1508,34,"Anker, Soundcore Flare Mini",34.46,Smart Speaker
1509,35,"Anker, Soundcore Rave Mini",132.23,Smart Speaker
1510,39,"Apple, HomePod mini",81.32,Smart Speaker
1511,95,"Bose, Home Speaker 300",208.24,Smart Speaker
1512,96,"Bose, Portable Smart Speaker",294.16,Smart Speaker
1513,244,"Denon, Home 350",672.74,Smart Speaker
1514,245,"Denon, Home 550",890.61,Smart Speaker
1515,359,"Google, Nest Mini",42.82,Smart Speaker
1516,360,"Google, Home Max",252.94,Smart Speaker
1517,361,"Google, Nest Audio",83.58,Smart Speaker
1518,362,"Google, Nest Hub",82.82,Smart Speaker
1519,431,"Harman Kardon, Citation 100",246.08,Smart Speaker
1520,432,"Harman Kardon, Citation 100 MKII",168.43,Smart Speaker
1521,433,"Harman Kardon, Citation 100 MKIII",261.74,Smart Speaker
1522,434,"Harman Kardon, Citation 200 MKII",218.43,Smart Speaker
1523,435,"Harman Kardon, Citation 300 MKII",340.62,Smart Speaker
1524,436,"Harman Kardon, Citation 50 MKII",172.39,Smart Speaker
1525,437,"Harman Kardon, Citation 500 MKII",516.21,Smart Speaker
1526,438,"Harman Kardon, Citation 500 MKIII",498.56,Smart Speaker
1527,439,"Harman Kardon, Citation 700",609.21,Smart Speaker
1528,440,"Harman Kardon, Citation Oasis 2",200.41,Smart Speaker
1529,441,"Harman Kardon, Invoke",331.31,Smart Speaker
1530,522,"Heco, Ascada 600",595.68,Smart Speaker
1531,523,"Heco, Aleva GT 202",205.82,Smart Speaker
1532,524,"Heco, Aleva GT 402",261.93,Smart Speaker
1533,642,"JBL, Link 20",170.13,Smart Speaker
1534,643,"JBL, Link Music",81.22,Smart Speaker
1535,644,"JBL, Link Portable",151.97,Smart Speaker
1536,645,"JBL, Link 10",85.72,Smart Speaker
1537,646,"JBL, Link 300",172.75,Smart Speaker
1538,647,"JBL, Link 500",246.3,Smart Speaker
1539,813,"Klipsch, The Three",419.43,Smart Speaker
1540,934,"Magnat, Prime Advanced",159.63,Smart Speaker
1541,935,"Magnat, Prime Classic",157.21,Smart Speaker
1542,996,"Marshall, Acton II Voice",217.88,Smart Speaker
1543,997,"Marshall, Stanmore II Voice",340.69,Smart Speaker
1544,998,"Marshall, Uxbridge Voice",164.17,Smart Speaker
1545,1169,"Pioneer, MRX-3",171.33,Smart Speaker
1546,1170,"Pioneer, MRX-5",217.36,Smart Speaker
1547,1171,"Pioneer, FAYOLA FS-W40",405.5,Smart Speaker
1548,1172,"Pioneer, FAYOLA FS-W50",492.45,Smart Speaker
1549,1173,"Pioneer, XW-SX70-K",305.11,Smart Speaker
1550,1426,"Sonos, Move",348.82,Smart Speaker
1551,1427,"Sonos, One",166.86,Smart Speaker
1552,1558,"Wharfedale, Vista 150",172.07,Smart Speaker
1553,1559,"Wharfedale, Vista 300",202.76,Smart Speaker
1554,1560,"Wharfedale, Vista 400",261.24,Smart Speaker
1555,1561,"Wharfedale, Vista 450",311.89,Smart Speaker
1556,1566,"Xiaomi, Mi Smart Speaker",36.04,Smart Speaker
1557,1567,"Xiaomi, Mi Smart Clock",42.4,Smart Speaker
1558,1568,"Xiaomi, Mi Smart Display",83.56,Smart Speaker
1559,1569,"Xiaomi, XiaoAI Speaker Art",68.6,Smart Speaker
1560,1663,"Yamaha, MusicCast 20",169.8,Smart Speaker
1561,1664,"Yamaha, WX-021",126.59,Smart Speaker
1562,1665,"Yamaha, WX-021BL",86.47,Smart Speaker
1563,1666,"Yamaha, WX-051",266.27,Smart Speaker
1564,1667,"Yamaha, WX-051BL",166.13,Smart Speaker
1565,37,"Anthem, MCA 225",1800.38,Power Amplifier
1566,38,"Anthem, MCA 525",2670.89,Power Amplifier
1567,56,"AudioSource, AMP100VS",122.41,Power Amplifier
1568,67,"Behringer, NX3000D",246.4,Power Amplifier
1569,109,"Bryston, 4B",3560.72,Power Amplifier
1570,115,"Cambridge Audio, Azur 851W",2100.79,Power Amplifier
1571,129,"Crown, XLS 1002",252.65,Power Amplifier
1572,199,"Dayton Audio, APA150",174.69,Power Amplifier
1573,341,"Emotiva, XPA-2 Gen3",680.33,Power Amplifier
1574,342,"Emotiva, XPA-3 Gen3",810.38,Power Amplifier
1575,343,"Emotiva, XPA-5 Gen3",1275.72,Power Amplifier
1576,525,"Heco, Smart Amp 100",172.22,Power Amplifier
1577,526,"Heco, Smart Amp 50",126.19,Power Amplifier
1578,936,"Magnat, MA 600",738.18,Power Amplifier
1579,937,"Magnat, MA 700",788.86,Power Amplifier
1580,963,"Marantz, HD-AMP1",1290.4,Power Amplifier
1581,964,"Marantz, MM7025",880.27,Power Amplifier
1582,965,"Marantz, MM7055",1080.03,Power Amplifier
1583,966,"Marantz, MM8077",1800.54,Power Amplifier
1584,1019,"NAD, C 275BEE",1275.96,Power Amplifier
1585,1020,"NAD, CI 980",672.69,Power Amplifier
1586,1027,"Nobsound, NS-10G",83.33,Power Amplifier
1587,1056,"Onkyo, M-5010",340.88,Power Amplifier
1588,1070,"Parasound, 2125v2",810.16,Power Amplifier
1589,1071,"Parasound, Halo A 23+",1720.03,Power Amplifier
1590,1174,"Pioneer, GM-D8704",204.83,Power Amplifier
1591,1175,"Pioneer, GM-D9705",339.87,Power Amplifier
1592,1306,"Rotel, RB-1590",2490.42,Power Amplifier
1593,1307,"Rotel, RB-1552 MkII",1170.05,Power Amplifier
1594,1308,"SMSL, SA-36A Pro",59.71,Power Amplifier
1595,1668,"Yamaha, MX-A5200BL",2400.26,Power Amplifier
1596,1669,"Yamaha, P2500S",491.46,Power Amplifier
1597,1670,"Yamaha, P3500S",680.04,Power Amplifier
1598,1671,"Yamaha, PX3",352.94,Power Amplifier
1599,1672,"Yamaha, XMV4140",1350.63,Power Amplifier
1600,105,"Bowers & Wilkins, HTM62 S2 Anniversary Edition",704.44,Center Channel Speaker
1601,106,"Bowers & Wilkins, HTM72 S2 Anniversary Edition",630.21,Center Channel Speaker
1602,119,"Canton, GLE 455.2",332.45,Center Channel Speaker
1603,190,"Dali, Vokal",249.67,Center Channel Speaker
1604,191,"Dali, Zensor Pico Vokal",178.18,Center Channel Speaker
1605,192,"Dali, Zensor Vokal",332.25,Center Channel Speaker
1606,193,"Dali, Epicon Vokal",2975.72,Center Channel Speaker
1607,194,"Dali, Oberon Vokal",462.2,Center Channel Speaker
1608,195,"Dali, Opticon LCR",738.81,Center Channel Speaker
1609,196,"Dali, Opticon LCR MK2",774.45,Center Channel Speaker
1610,197,"Dali, Opticon Vokal",664.63,Center Channel Speaker
1611,204,"Definitive Technology, ProCenter 1000",258.27,Center Channel Speaker
1612,253,"Dynaudio, Contour 25C",1275.68,Center Channel Speaker
1613,331,"Elac, Debut 2.0 C5.2",170.48,Center Channel Speaker
1614,355,"Focal, Chora Center",348.6,Center Channel Speaker
1615,442,"Harman Kardon, HKTS 30C",207.44,Center Channel Speaker
1616,527,"Heco, Aurora Center 30",213.13,Center Channel Speaker
1617,528,"Heco, Victa Prime Center 102",123.89,Center Channel Speaker
1618,529,"Heco, Celan GT Center 42",688.82,Center Channel Speaker
1619,530,"Heco, Celan Revolution Center 4",480.73,Center Channel Speaker
1620,531,"Heco, Center 32A",291.46,Center Channel Speaker
1621,532,"Heco, Center 42A",369.25,Center Channel Speaker
1622,533,"Heco, Music Style Center 2",305.11,Center Channel Speaker
1623,648,"JBL, Arena 125C",217.75,Center Channel Speaker
1624,649,"JBL, Stage A125C",176.48,Center Channel Speaker
1625,650,"JBL, Stage A135C",213.5,Center Channel Speaker
1626,651,"JBL, Arena 55IW",176.89,Center Channel Speaker
1627,652,"JBL, Studio 225C",260.34,Center Channel Speaker
1628,653,"JBL, Studio 235C",308.44,Center Channel Speaker
1629,654,"JBL, Studio 520C",352.4,Center Channel Speaker
1630,737,"KEF, Q250c",532.82,Center Channel Speaker
1631,738,"KEF, T301c",420.86,Center Channel Speaker
1632,739,"KEF, Q650c",595.66,Center Channel Speaker
1633,740,"KEF, R2c",1349.61,Center Channel Speaker
1634,741,"KEF, T101c",352.67,Center Channel Speaker
1635,814,"Klipsch, R-34C",243.07,Center Channel Speaker
1636,815,"Klipsch, R-52C",202.93,Center Channel Speaker
1637,816,"Klipsch, RC-62 II",332.18,Center Channel Speaker
1638,817,"Klipsch, RW-34C",217.56,Center Channel Speaker
1639,818,"Klipsch, RP-404C",415.92,Center Channel Speaker
1640,819,"Klipsch, RP-450C",534.72,Center Channel Speaker
1641,820,"Klipsch, RP-504C",528.27,Center Channel Speaker
1642,938,"Magnat, Monitor S10",104.87,Center Channel Speaker
1643,939,"Magnat, Monitor Supreme Center 100",45.64,Center Channel Speaker
1644,940,"Magnat, Monitor Supreme Center 252",215.87,Center Channel Speaker
1645,941,"Magnat, Monitor Supreme Center 200",87.27,Center Channel Speaker
1646,942,"Magnat, Monitor Supreme Center 252A",172.81,Center Channel Speaker
1647,943,"Magnat, Monitor Supreme Center 500",135.88,Center Channel Speaker
1648,944,"Magnat, Shadow Center 213",162.18,Center Channel Speaker
1649,1009,"Monitor Audio, Bronze C150",200.95,Center Channel Speaker
1650,1010,"Monitor Audio, Silver C150",298.14,Center Channel Speaker
1651,1057,"Onkyo, TX-8220",223.1,Center Channel Speaker
1652,1176,"Pioneer, SP-C21",80.51,Center Channel Speaker
1653,1177,"Pioneer, SP-C22",89.08,Center Channel Speaker
1654,1178,"Pioneer, S-7EX",1620.95,Center Channel Speaker
1655,1179,"Pioneer, Elite SP-EC73",348.99,Center Channel Speaker
1656,1189,"Polk Audio, CS10",88.17,Center Channel Speaker
1657,1190,"Polk Audio, Signature S35",207.79,Center Channel Speaker
1658,1277,"Q-Acoustics, 2000Ci",126.98,Center Channel Speaker
1659,1278,"Q-Acoustics, 3030C",210.44,Center Channel Speaker
1660,1279,"Q-Acoustics, 3090",107.46,Center Channel Speaker
1661,1280,"Q-Acoustics, 3090C",153.16,Center Channel Speaker
1662,1281,"Q-Acoustics, 3090Ci",168.09,Center Channel Speaker
1663,1282,"Q-Acoustics, Concept Centre",324.41,Center Channel Speaker
1664,1283,"Q-Acoustics, Concept Centre Plus",278.53,Center Channel Speaker
1665,1284,"Q-Acoustics, Q-TV3",315.07,Center Channel Speaker
1666,1297,"Revel, C25",792.03,Center Channel Speaker
1667,1465,"Sony, SSCS8",102.82,Center Channel Speaker
1668,1488,"Triad, Bronze Center",425.22,Center Channel Speaker
1669,1562,"Wharfedale, Diamond 9.CS",128.08,Center Channel Speaker
1670,1563,"Wharfedale, Diamond 11.CC",249.2,Center Channel Speaker
1671,1564,"Wharfedale, Diamond 11.CS",240.48,Center Channel Speaker
1672,1565,"Wharfedale, Diamond 220C",324.24,Center Channel Speaker
1673,1673,"Yamaha, NS-C210",86.8,Center Channel Speaker
1674,1674,"Yamaha, NS-C210BL",75.98,Center Channel Speaker
1675,1675,"Yamaha, NS-C444",165.5,Center Channel Speaker
1676,1676,"Yamaha, NS-C700",307.89,Center Channel Speaker
